,fold,k,distance,votes,weighting,acc,corr,incorr,time
0,0,1,euclidean,majority,equal,0.3716216216216216,55,93,9.74842619895935
1,1,1,euclidean,majority,equal,0.43537414965986393,64,83,9.587344884872437
2,2,1,euclidean,majority,equal,0.4594594594594595,68,80,9.625885725021362
3,3,1,euclidean,majority,equal,0.4689655172413793,68,77,9.426409721374512
4,4,1,euclidean,majority,equal,0.41496598639455784,61,86,9.507790803909302
5,5,1,euclidean,majority,equal,0.43537414965986393,64,83,9.729278087615967
6,6,1,euclidean,majority,equal,0.5167785234899329,77,72,9.669342756271362
7,7,1,euclidean,majority,equal,0.43537414965986393,64,83,9.481678247451782
8,8,1,euclidean,majority,equal,0.4489795918367347,66,81,10.07160758972168
9,9,1,euclidean,majority,equal,0.49324324324324326,73,75,10.096890687942505
10,0,1,euclidean,majority,correlation,0.3581081081081081,53,95,10.025537014007568
11,1,1,euclidean,majority,correlation,0.40816326530612246,60,87,9.534578323364258
12,2,1,euclidean,majority,correlation,0.4189189189189189,62,86,9.895427227020264
13,3,1,euclidean,majority,correlation,0.4827586206896552,70,75,10.351171493530273
14,4,1,euclidean,majority,correlation,0.4217687074829932,62,85,10.375335931777954
15,5,1,euclidean,majority,correlation,0.4557823129251701,67,80,10.654213905334473
16,6,1,euclidean,majority,correlation,0.4899328859060403,73,76,11.23721694946289
17,7,1,euclidean,majority,correlation,0.41496598639455784,61,86,10.657766342163086
18,8,1,euclidean,majority,correlation,0.47619047619047616,70,77,12.437851428985596
19,9,1,euclidean,majority,correlation,0.4797297297297297,71,77,12.901494264602661
20,0,1,euclidean,majority,information_gain,0.36486486486486486,54,94,11.237632751464844
21,1,1,euclidean,majority,information_gain,0.47619047619047616,70,77,11.40812063217163
22,2,1,euclidean,majority,information_gain,0.47297297297297297,70,78,11.345019340515137
23,3,1,euclidean,majority,information_gain,0.496551724137931,72,73,11.194591760635376
24,4,1,euclidean,majority,information_gain,0.4489795918367347,66,81,11.174442768096924
25,5,1,euclidean,majority,information_gain,0.5374149659863946,79,68,10.985768795013428
26,6,1,euclidean,majority,information_gain,0.4899328859060403,73,76,10.048655271530151
27,7,1,euclidean,majority,information_gain,0.47619047619047616,70,77,9.595016241073608
28,8,1,euclidean,majority,information_gain,0.48299319727891155,71,76,9.067439556121826
29,9,1,euclidean,majority,information_gain,0.5743243243243243,85,63,9.266912937164307
30,0,1,euclidean,sheppard,equal,0.3716216216216216,55,93,9.42331337928772
31,1,1,euclidean,sheppard,equal,0.43537414965986393,64,83,9.330009460449219
32,2,1,euclidean,sheppard,equal,0.4594594594594595,68,80,9.54822850227356
33,3,1,euclidean,sheppard,equal,0.4689655172413793,68,77,9.236479759216309
34,4,1,euclidean,sheppard,equal,0.41496598639455784,61,86,9.391997575759888
35,5,1,euclidean,sheppard,equal,0.43537414965986393,64,83,9.940628051757812
36,6,1,euclidean,sheppard,equal,0.5167785234899329,77,72,9.532234907150269
37,7,1,euclidean,sheppard,equal,0.43537414965986393,64,83,9.142255067825317
38,8,1,euclidean,sheppard,equal,0.4489795918367347,66,81,9.268946647644043
39,9,1,euclidean,sheppard,equal,0.49324324324324326,73,75,9.408218383789062
40,0,1,euclidean,sheppard,correlation,0.3581081081081081,53,95,9.455970764160156
41,1,1,euclidean,sheppard,correlation,0.40816326530612246,60,87,9.361709833145142
42,2,1,euclidean,sheppard,correlation,0.4189189189189189,62,86,9.376130104064941
43,3,1,euclidean,sheppard,correlation,0.4827586206896552,70,75,9.00266432762146
44,4,1,euclidean,sheppard,correlation,0.4217687074829932,62,85,9.141781091690063
45,5,1,euclidean,sheppard,correlation,0.4557823129251701,67,80,9.798205614089966
46,6,1,euclidean,sheppard,correlation,0.4899328859060403,73,76,11.157614707946777
47,7,1,euclidean,sheppard,correlation,0.41496598639455784,61,86,9.973116874694824
48,8,1,euclidean,sheppard,correlation,0.47619047619047616,70,77,9.360997915267944
49,9,1,euclidean,sheppard,correlation,0.4797297297297297,71,77,9.579162836074829
50,0,1,euclidean,sheppard,information_gain,0.42567567567567566,63,85,9.4387686252594
51,1,1,euclidean,sheppard,information_gain,0.5102040816326531,75,72,9.689306259155273
52,2,1,euclidean,sheppard,information_gain,0.42567567567567566,63,85,9.408401012420654
53,3,1,euclidean,sheppard,information_gain,0.4827586206896552,70,75,9.048089265823364
54,4,1,euclidean,sheppard,information_gain,0.42857142857142855,63,84,9.158551216125488
55,5,1,euclidean,sheppard,information_gain,0.4489795918367347,66,81,13.546325922012329
56,6,1,euclidean,sheppard,information_gain,0.4563758389261745,68,81,9.958849906921387
57,7,1,euclidean,sheppard,information_gain,0.46258503401360546,68,79,9.720383167266846
58,8,1,euclidean,sheppard,information_gain,0.4489795918367347,66,81,9.782951831817627
59,9,1,euclidean,sheppard,information_gain,0.5,74,74,9.783636093139648
60,0,1,euclidean,idw,equal,0.3716216216216216,55,93,9.860656976699829
61,1,1,euclidean,idw,equal,0.43537414965986393,64,83,9.736591339111328
62,2,1,euclidean,idw,equal,0.4594594594594595,68,80,9.973057270050049
63,3,1,euclidean,idw,equal,0.4689655172413793,68,77,10.798285484313965
64,4,1,euclidean,idw,equal,0.41496598639455784,61,86,10.74684762954712
65,5,1,euclidean,idw,equal,0.43537414965986393,64,83,9.88199234008789
66,6,1,euclidean,idw,equal,0.5167785234899329,77,72,9.741854429244995
67,7,1,euclidean,idw,equal,0.43537414965986393,64,83,9.824049472808838
68,8,1,euclidean,idw,equal,0.4489795918367347,66,81,9.315373182296753
69,9,1,euclidean,idw,equal,0.49324324324324326,73,75,9.550376176834106
70,0,1,euclidean,idw,correlation,0.3581081081081081,53,95,9.56918215751648
71,1,1,euclidean,idw,correlation,0.40816326530612246,60,87,9.831958293914795
72,2,1,euclidean,idw,correlation,0.4189189189189189,62,86,9.77181363105774
73,3,1,euclidean,idw,correlation,0.4827586206896552,70,75,9.74498724937439
74,4,1,euclidean,idw,correlation,0.4217687074829932,62,85,9.975306749343872
75,5,1,euclidean,idw,correlation,0.4557823129251701,67,80,9.916328191757202
76,6,1,euclidean,idw,correlation,0.4899328859060403,73,76,9.702846050262451
77,7,1,euclidean,idw,correlation,0.41496598639455784,61,86,9.548702716827393
78,8,1,euclidean,idw,correlation,0.47619047619047616,70,77,9.821704387664795
79,9,1,euclidean,idw,correlation,0.4797297297297297,71,77,9.6694974899292
80,0,1,euclidean,idw,information_gain,0.39864864864864863,59,89,9.658874988555908
81,1,1,euclidean,idw,information_gain,0.46258503401360546,68,79,10.257012128829956
82,2,1,euclidean,idw,information_gain,0.4189189189189189,62,86,11.173123121261597
83,3,1,euclidean,idw,information_gain,0.496551724137931,72,73,10.473022937774658
84,4,1,euclidean,idw,information_gain,0.4217687074829932,62,85,11.10718560218811
85,5,1,euclidean,idw,information_gain,0.4489795918367347,66,81,11.298043489456177
86,6,1,euclidean,idw,information_gain,0.42953020134228187,64,85,10.860816478729248
87,7,1,euclidean,idw,information_gain,0.43537414965986393,64,83,11.003352165222168
88,8,1,euclidean,idw,information_gain,0.4489795918367347,66,81,10.32931113243103
89,9,1,euclidean,idw,information_gain,0.44594594594594594,66,82,10.61244797706604
90,0,1,manhattan,majority,equal,0.39864864864864863,59,89,10.720017671585083
91,1,1,manhattan,majority,equal,0.42857142857142855,63,84,10.486414194107056
92,2,1,manhattan,majority,equal,0.43243243243243246,64,84,10.424275159835815
93,3,1,manhattan,majority,equal,0.5172413793103449,75,70,10.297830820083618
94,4,1,manhattan,majority,equal,0.4489795918367347,66,81,10.220010995864868
95,5,1,manhattan,majority,equal,0.46938775510204084,69,78,10.940419435501099
96,6,1,manhattan,majority,equal,0.4697986577181208,70,79,10.784148454666138
97,7,1,manhattan,majority,equal,0.42857142857142855,63,84,11.110552072525024
98,8,1,manhattan,majority,equal,0.46938775510204084,69,78,10.673797130584717
99,9,1,manhattan,majority,equal,0.4864864864864865,72,76,10.923813819885254
100,0,1,manhattan,majority,correlation,0.3716216216216216,55,93,10.675225257873535
101,1,1,manhattan,majority,correlation,0.43537414965986393,64,83,10.54901123046875
102,2,1,manhattan,majority,correlation,0.38513513513513514,57,91,10.892655849456787
103,3,1,manhattan,majority,correlation,0.46206896551724136,67,78,10.344798564910889
104,4,1,manhattan,majority,correlation,0.43537414965986393,64,83,10.814980030059814
105,5,1,manhattan,majority,correlation,0.4557823129251701,67,80,10.689355611801147
106,6,1,manhattan,majority,correlation,0.46308724832214765,69,80,10.783914804458618
107,7,1,manhattan,majority,correlation,0.4217687074829932,62,85,10.345189094543457
108,8,1,manhattan,majority,correlation,0.48299319727891155,71,76,10.73585057258606
109,9,1,manhattan,majority,correlation,0.4797297297297297,71,77,10.90959882736206
110,0,1,manhattan,majority,information_gain,0.39864864864864863,59,89,10.563729286193848
111,1,1,manhattan,majority,information_gain,0.4557823129251701,67,80,10.690253496170044
112,2,1,manhattan,majority,information_gain,0.46621621621621623,69,79,10.454358100891113
113,3,1,manhattan,majority,information_gain,0.496551724137931,72,73,10.643580675125122
114,4,1,manhattan,majority,information_gain,0.48299319727891155,71,76,10.90745759010315
115,5,1,manhattan,majority,information_gain,0.5714285714285714,84,63,10.877103328704834
116,6,1,manhattan,majority,information_gain,0.4697986577181208,70,79,11.111311435699463
117,7,1,manhattan,majority,information_gain,0.4217687074829932,62,85,11.44101333618164
118,8,1,manhattan,majority,information_gain,0.4421768707482993,65,82,10.860783338546753
119,9,1,manhattan,majority,information_gain,0.44594594594594594,66,82,10.563857078552246
120,0,1,manhattan,sheppard,equal,0.39864864864864863,59,89,11.75173544883728
121,1,1,manhattan,sheppard,equal,0.42857142857142855,63,84,11.09604811668396
122,2,1,manhattan,sheppard,equal,0.43243243243243246,64,84,10.847076654434204
123,3,1,manhattan,sheppard,equal,0.5172413793103449,75,70,10.48603868484497
124,4,1,manhattan,sheppard,equal,0.4489795918367347,66,81,10.626113414764404
125,5,1,manhattan,sheppard,equal,0.46938775510204084,69,78,10.846335649490356
126,6,1,manhattan,sheppard,equal,0.4697986577181208,70,79,10.922897815704346
127,7,1,manhattan,sheppard,equal,0.42857142857142855,63,84,10.626795291900635
128,8,1,manhattan,sheppard,equal,0.46938775510204084,69,78,11.393517017364502
129,9,1,manhattan,sheppard,equal,0.4864864864864865,72,76,11.953473091125488
130,0,1,manhattan,sheppard,correlation,0.3716216216216216,55,93,11.425020217895508
131,1,1,manhattan,sheppard,correlation,0.43537414965986393,64,83,11.251304388046265
132,2,1,manhattan,sheppard,correlation,0.38513513513513514,57,91,11.251882076263428
133,3,1,manhattan,sheppard,correlation,0.46206896551724136,67,78,10.597229719161987
134,4,1,manhattan,sheppard,correlation,0.43537414965986393,64,83,11.224473237991333
135,5,1,manhattan,sheppard,correlation,0.4557823129251701,67,80,11.673882961273193
136,6,1,manhattan,sheppard,correlation,0.46308724832214765,69,80,11.329241037368774
137,7,1,manhattan,sheppard,correlation,0.4217687074829932,62,85,11.393357753753662
138,8,1,manhattan,sheppard,correlation,0.48299319727891155,71,76,10.986382722854614
139,9,1,manhattan,sheppard,correlation,0.4797297297297297,71,77,11.532447814941406
140,0,1,manhattan,sheppard,information_gain,0.3783783783783784,56,92,11.314083814620972
141,1,1,manhattan,sheppard,information_gain,0.46938775510204084,69,78,10.517595529556274
142,2,1,manhattan,sheppard,information_gain,0.4864864864864865,72,76,11.048029899597168
143,3,1,manhattan,sheppard,information_gain,0.5172413793103449,75,70,11.36074447631836
144,4,1,manhattan,sheppard,information_gain,0.4489795918367347,66,81,11.096079111099243
145,5,1,manhattan,sheppard,information_gain,0.4489795918367347,66,81,10.93928599357605
146,6,1,manhattan,sheppard,information_gain,0.4429530201342282,66,83,11.454256296157837
147,7,1,manhattan,sheppard,information_gain,0.4557823129251701,67,80,11.42355227470398
148,8,1,manhattan,sheppard,information_gain,0.4217687074829932,62,85,11.110670804977417
149,9,1,manhattan,sheppard,information_gain,0.5202702702702703,77,71,11.20746660232544
150,0,1,manhattan,idw,equal,0.39864864864864863,59,89,11.794863939285278
151,1,1,manhattan,idw,equal,0.42857142857142855,63,84,11.146944284439087
152,2,1,manhattan,idw,equal,0.43243243243243246,64,84,11.438648223876953
153,3,1,manhattan,idw,equal,0.5172413793103449,75,70,11.096704959869385
154,4,1,manhattan,idw,equal,0.4489795918367347,66,81,11.413601875305176
155,5,1,manhattan,idw,equal,0.46938775510204084,69,78,11.314445734024048
156,6,1,manhattan,idw,equal,0.4697986577181208,70,79,11.282655477523804
157,7,1,manhattan,idw,equal,0.42857142857142855,63,84,11.299413442611694
158,8,1,manhattan,idw,equal,0.46938775510204084,69,78,11.48652720451355
159,9,1,manhattan,idw,equal,0.4864864864864865,72,76,11.53372859954834
160,0,1,manhattan,idw,correlation,0.3716216216216216,55,93,11.080617189407349
161,1,1,manhattan,idw,correlation,0.43537414965986393,64,83,11.471277475357056
162,2,1,manhattan,idw,correlation,0.38513513513513514,57,91,11.36129641532898
163,3,1,manhattan,idw,correlation,0.46206896551724136,67,78,11.54826545715332
164,4,1,manhattan,idw,correlation,0.43537414965986393,64,83,11.251390933990479
165,5,1,manhattan,idw,correlation,0.4557823129251701,67,80,11.004149436950684
166,6,1,manhattan,idw,correlation,0.46308724832214765,69,80,11.454579830169678
167,7,1,manhattan,idw,correlation,0.4217687074829932,62,85,11.329504251480103
168,8,1,manhattan,idw,correlation,0.48299319727891155,71,76,11.033052206039429
169,9,1,manhattan,idw,correlation,0.4797297297297297,71,77,11.299247980117798
170,0,1,manhattan,idw,information_gain,0.47297297297297297,70,78,10.830362558364868
171,1,1,manhattan,idw,information_gain,0.47619047619047616,70,77,11.220224142074585
172,2,1,manhattan,idw,information_gain,0.49324324324324326,73,75,11.361681938171387
173,3,1,manhattan,idw,information_gain,0.4689655172413793,68,77,11.096155405044556
174,4,1,manhattan,idw,information_gain,0.46258503401360546,68,79,11.423306226730347
175,5,1,manhattan,idw,information_gain,0.5102040816326531,75,72,11.378180027008057
176,6,1,manhattan,idw,information_gain,0.4899328859060403,73,76,11.376449584960938
177,7,1,manhattan,idw,information_gain,0.4489795918367347,66,81,11.283737897872925
178,8,1,manhattan,idw,information_gain,0.4897959183673469,72,75,11.141874074935913
179,9,1,manhattan,idw,information_gain,0.49324324324324326,73,75,11.3459312915802
180,0,1,cosine,majority,equal,0.3581081081081081,53,95,13.376460075378418
181,1,1,cosine,majority,equal,0.43537414965986393,64,83,13.500185251235962
182,2,1,cosine,majority,equal,0.4594594594594595,68,80,13.7360360622406
183,3,1,cosine,majority,equal,0.46206896551724136,67,78,13.517653942108154
184,4,1,cosine,majority,equal,0.4217687074829932,62,85,13.143408060073853
185,5,1,cosine,majority,equal,0.4489795918367347,66,81,13.502517461776733
186,6,1,cosine,majority,equal,0.5033557046979866,75,74,13.330279350280762
187,7,1,cosine,majority,equal,0.4421768707482993,65,82,13.346487998962402
188,8,1,cosine,majority,equal,0.4557823129251701,67,80,13.689212799072266
189,9,1,cosine,majority,equal,0.49324324324324326,73,75,13.580774545669556
190,0,1,cosine,majority,correlation,0.3581081081081081,53,95,13.423417806625366
191,1,1,cosine,majority,correlation,0.40816326530612246,60,87,13.549497365951538
192,2,1,cosine,majority,correlation,0.43243243243243246,64,84,13.392711877822876
193,3,1,cosine,majority,correlation,0.4689655172413793,68,77,13.142155170440674
194,4,1,cosine,majority,correlation,0.4489795918367347,66,81,13.253915548324585
195,5,1,cosine,majority,correlation,0.4557823129251701,67,80,13.532959461212158
196,6,1,cosine,majority,correlation,0.5100671140939598,76,73,13.454648494720459
197,7,1,cosine,majority,correlation,0.3945578231292517,58,89,13.472287654876709
198,8,1,cosine,majority,correlation,0.47619047619047616,70,77,13.065118074417114
199,9,1,cosine,majority,correlation,0.4797297297297297,71,77,13.53282880783081
200,0,1,cosine,majority,information_gain,0.3716216216216216,55,93,13.736368656158447
201,1,1,cosine,majority,information_gain,0.4557823129251701,67,80,13.330930948257446
202,2,1,cosine,majority,information_gain,0.4864864864864865,72,76,13.517361879348755
203,3,1,cosine,majority,information_gain,0.503448275862069,73,72,13.628075122833252
204,4,1,cosine,majority,information_gain,0.3945578231292517,58,89,13.018165349960327
205,5,1,cosine,majority,information_gain,0.47619047619047616,70,77,13.45448899269104
206,6,1,cosine,majority,information_gain,0.4899328859060403,73,76,13.67393183708191
207,7,1,cosine,majority,information_gain,0.43537414965986393,64,83,13.816335439682007
208,8,1,cosine,majority,information_gain,0.4897959183673469,72,75,13.45473313331604
209,9,1,cosine,majority,information_gain,0.44594594594594594,66,82,12.986625909805298
210,0,1,cosine,sheppard,equal,0.3581081081081081,53,95,13.612328052520752
211,1,1,cosine,sheppard,equal,0.43537414965986393,64,83,13.300531148910522
212,2,1,cosine,sheppard,equal,0.4594594594594595,68,80,13.597231388092041
213,3,1,cosine,sheppard,equal,0.46206896551724136,67,78,13.627714395523071
214,4,1,cosine,sheppard,equal,0.4217687074829932,62,85,13.221317529678345
215,5,1,cosine,sheppard,equal,0.4489795918367347,66,81,13.581605672836304
216,6,1,cosine,sheppard,equal,0.5033557046979866,75,74,13.783918619155884
217,7,1,cosine,sheppard,equal,0.4421768707482993,65,82,13.736977815628052
218,8,1,cosine,sheppard,equal,0.4557823129251701,67,80,14.002305030822754
219,9,1,cosine,sheppard,equal,0.49324324324324326,73,75,13.329679727554321
220,0,1,cosine,sheppard,correlation,0.3581081081081081,53,95,13.394973516464233
221,1,1,cosine,sheppard,correlation,0.40816326530612246,60,87,13.579784393310547
222,2,1,cosine,sheppard,correlation,0.43243243243243246,64,84,13.908114433288574
223,3,1,cosine,sheppard,correlation,0.4689655172413793,68,77,13.43985652923584
224,4,1,cosine,sheppard,correlation,0.4489795918367347,66,81,13.346050262451172
225,5,1,cosine,sheppard,correlation,0.4557823129251701,67,80,14.10008192062378
226,6,1,cosine,sheppard,correlation,0.5100671140939598,76,73,13.408519506454468
227,7,1,cosine,sheppard,correlation,0.3945578231292517,58,89,14.674686908721924
228,8,1,cosine,sheppard,correlation,0.47619047619047616,70,77,13.782918691635132
229,9,1,cosine,sheppard,correlation,0.4797297297297297,71,77,14.598539352416992
230,0,1,cosine,sheppard,information_gain,0.36486486486486486,54,94,13.949801921844482
231,1,1,cosine,sheppard,information_gain,0.4897959183673469,72,75,15.994579315185547
232,2,1,cosine,sheppard,information_gain,0.47297297297297297,70,78,14.68751573562622
233,3,1,cosine,sheppard,information_gain,0.4827586206896552,70,75,13.3418710231781
234,4,1,cosine,sheppard,information_gain,0.40816326530612246,60,87,14.329353094100952
235,5,1,cosine,sheppard,information_gain,0.47619047619047616,70,77,14.174203634262085
236,6,1,cosine,sheppard,information_gain,0.47651006711409394,71,78,13.435518503189087
237,7,1,cosine,sheppard,information_gain,0.4489795918367347,66,81,13.490239381790161
238,8,1,cosine,sheppard,information_gain,0.4897959183673469,72,75,16.05480146408081
239,9,1,cosine,sheppard,information_gain,0.49324324324324326,73,75,13.170020818710327
240,0,1,cosine,idw,equal,0.3581081081081081,53,95,13.373214960098267
241,1,1,cosine,idw,equal,0.43537414965986393,64,83,13.107588291168213
242,2,1,cosine,idw,equal,0.4594594594594595,68,80,13.513829946517944
243,3,1,cosine,idw,equal,0.46206896551724136,67,78,13.390780687332153
244,4,1,cosine,idw,equal,0.4217687074829932,62,85,13.310672044754028
245,5,1,cosine,idw,equal,0.4489795918367347,66,81,13.906452417373657
246,6,1,cosine,idw,equal,0.5033557046979866,75,74,13.466853618621826
247,7,1,cosine,idw,equal,0.4421768707482993,65,82,13.625232219696045
248,8,1,cosine,idw,equal,0.4557823129251701,67,80,13.404439449310303
249,9,1,cosine,idw,equal,0.49324324324324326,73,75,13.67207384109497
250,0,1,cosine,idw,correlation,0.3581081081081081,53,95,13.373185634613037
251,1,1,cosine,idw,correlation,0.40816326530612246,60,87,13.231019258499146
252,2,1,cosine,idw,correlation,0.43243243243243246,64,84,13.515796899795532
253,3,1,cosine,idw,correlation,0.4689655172413793,68,77,13.842866897583008
254,4,1,cosine,idw,correlation,0.4489795918367347,66,81,13.8439359664917
255,5,1,cosine,idw,correlation,0.4557823129251701,67,80,14.722938299179077
256,6,1,cosine,idw,correlation,0.5100671140939598,76,73,18.31301712989807
257,7,1,cosine,idw,correlation,0.3945578231292517,58,89,14.767686367034912
258,8,1,cosine,idw,correlation,0.47619047619047616,70,77,14.800183057785034
259,9,1,cosine,idw,correlation,0.4797297297297297,71,77,17.765126943588257
260,0,1,cosine,idw,information_gain,0.34459459459459457,51,97,14.534376621246338
261,1,1,cosine,idw,information_gain,0.47619047619047616,70,77,13.625181913375854
262,2,1,cosine,idw,information_gain,0.44594594594594594,66,82,17.073840856552124
263,3,1,cosine,idw,information_gain,0.46206896551724136,67,78,13.780262231826782
264,4,1,cosine,idw,information_gain,0.4421768707482993,65,82,13.734847068786621
265,5,1,cosine,idw,information_gain,0.4897959183673469,72,75,13.986342668533325
266,6,1,cosine,idw,information_gain,0.47651006711409394,71,78,13.906414031982422
267,7,1,cosine,idw,information_gain,0.48299319727891155,71,76,13.687643766403198
268,8,1,cosine,idw,information_gain,0.5102040816326531,75,72,14.281700372695923
269,9,1,cosine,idw,information_gain,0.44594594594594594,66,82,13.40546441078186
270,0,3,euclidean,majority,equal,0.42567567567567566,63,85,11.053720951080322
271,1,3,euclidean,majority,equal,0.4013605442176871,59,88,11.146366119384766
272,2,3,euclidean,majority,equal,0.4527027027027027,67,81,12.120206356048584
273,3,3,euclidean,majority,equal,0.46206896551724136,67,78,11.366086483001709
274,4,3,euclidean,majority,equal,0.4421768707482993,65,82,10.741234302520752
275,5,3,euclidean,majority,equal,0.4557823129251701,67,80,11.491061687469482
276,6,3,euclidean,majority,equal,0.4899328859060403,73,76,11.632860898971558
277,7,3,euclidean,majority,equal,0.43537414965986393,64,83,11.35271167755127
278,8,3,euclidean,majority,equal,0.5238095238095238,77,70,11.07804536819458
279,9,3,euclidean,majority,equal,0.4797297297297297,71,77,11.388509511947632
280,0,3,euclidean,majority,correlation,0.4189189189189189,62,86,13.185615301132202
281,1,3,euclidean,majority,correlation,0.3741496598639456,55,92,10.959927558898926
282,2,3,euclidean,majority,correlation,0.4391891891891892,65,83,11.004854917526245
283,3,3,euclidean,majority,correlation,0.4689655172413793,68,77,11.2109534740448
284,4,3,euclidean,majority,correlation,0.4489795918367347,66,81,10.9588782787323
285,5,3,euclidean,majority,correlation,0.4489795918367347,66,81,11.539048910140991
286,6,3,euclidean,majority,correlation,0.5033557046979866,75,74,12.057645559310913
287,7,3,euclidean,majority,correlation,0.43537414965986393,64,83,11.053698301315308
288,8,3,euclidean,majority,correlation,0.54421768707483,80,67,11.679676532745361
289,9,3,euclidean,majority,correlation,0.46621621621621623,69,79,11.541236162185669
290,0,3,euclidean,majority,information_gain,0.40540540540540543,60,88,12.29207730293274
291,1,3,euclidean,majority,information_gain,0.46938775510204084,69,78,12.574148893356323
292,2,3,euclidean,majority,information_gain,0.42567567567567566,63,85,15.036441564559937
293,3,3,euclidean,majority,information_gain,0.47586206896551725,69,76,11.06926441192627
294,4,3,euclidean,majority,information_gain,0.4217687074829932,62,85,12.089713096618652
295,5,3,euclidean,majority,information_gain,0.46258503401360546,68,79,14.107722997665405
296,6,3,euclidean,majority,information_gain,0.436241610738255,65,84,17.442641019821167
297,7,3,euclidean,majority,information_gain,0.3877551020408163,57,90,14.613785982131958
298,8,3,euclidean,majority,information_gain,0.47619047619047616,70,77,14.840644598007202
299,9,3,euclidean,majority,information_gain,0.43243243243243246,64,84,30.919612646102905
300,0,3,euclidean,sheppard,equal,0.4189189189189189,62,86,18.847869634628296
301,1,3,euclidean,sheppard,equal,0.40816326530612246,60,87,22.33708381652832
302,2,3,euclidean,sheppard,equal,0.44594594594594594,66,82,16.497999906539917
303,3,3,euclidean,sheppard,equal,0.47586206896551725,69,76,25.300002336502075
304,4,3,euclidean,sheppard,equal,0.43537414965986393,64,83,16.63299798965454
305,5,3,euclidean,sheppard,equal,0.4557823129251701,67,80,25.9835422039032
306,6,3,euclidean,sheppard,equal,0.48322147651006714,72,77,19.583999395370483
307,7,3,euclidean,sheppard,equal,0.4421768707482993,65,82,28.410004138946533
308,8,3,euclidean,sheppard,equal,0.5238095238095238,77,70,21.642305374145508
309,9,3,euclidean,sheppard,equal,0.46621621621621623,69,79,21.33099341392517
310,0,3,euclidean,sheppard,correlation,0.4189189189189189,62,86,21.42000913619995
311,1,3,euclidean,sheppard,correlation,0.3741496598639456,55,92,17.459001064300537
312,2,3,euclidean,sheppard,correlation,0.4391891891891892,65,83,12.300999164581299
313,3,3,euclidean,sheppard,correlation,0.4689655172413793,68,77,18.041041612625122
314,4,3,euclidean,sheppard,correlation,0.4489795918367347,66,81,15.74447751045227
315,5,3,euclidean,sheppard,correlation,0.4489795918367347,66,81,18.00202703475952
316,6,3,euclidean,sheppard,correlation,0.5033557046979866,75,74,15.31303071975708
317,7,3,euclidean,sheppard,correlation,0.43537414965986393,64,83,12.385963439941406
318,8,3,euclidean,sheppard,correlation,0.54421768707483,80,67,17.2610080242157
319,9,3,euclidean,sheppard,correlation,0.46621621621621623,69,79,12.301951885223389
320,0,3,euclidean,sheppard,information_gain,0.4527027027027027,67,81,12.446970224380493
321,1,3,euclidean,sheppard,information_gain,0.43537414965986393,64,83,17.355966091156006
322,2,3,euclidean,sheppard,information_gain,0.44594594594594594,66,82,13.093024253845215
323,3,3,euclidean,sheppard,information_gain,0.5310344827586206,77,68,12.36300277709961
324,4,3,euclidean,sheppard,information_gain,0.43537414965986393,64,83,16.29000449180603
325,5,3,euclidean,sheppard,information_gain,0.46938775510204084,69,78,14.237675428390503
326,6,3,euclidean,sheppard,information_gain,0.46308724832214765,69,80,12.304999351501465
327,7,3,euclidean,sheppard,information_gain,0.4013605442176871,59,88,16.301968336105347
328,8,3,euclidean,sheppard,information_gain,0.4897959183673469,72,75,14.025003671646118
329,9,3,euclidean,sheppard,information_gain,0.4391891891891892,65,83,12.85500431060791
330,0,3,euclidean,idw,equal,0.40540540540540543,60,88,16.941038370132446
331,1,3,euclidean,idw,equal,0.41496598639455784,61,86,18.94571566581726
332,2,3,euclidean,idw,equal,0.4527027027027027,67,81,14.851032972335815
333,3,3,euclidean,idw,equal,0.4827586206896552,70,75,19.27095603942871
334,4,3,euclidean,idw,equal,0.4421768707482993,65,82,12.807205438613892
335,5,3,euclidean,idw,equal,0.4557823129251701,67,80,23.018993616104126
336,6,3,euclidean,idw,equal,0.47651006711409394,71,78,16.40351390838623
337,7,3,euclidean,idw,equal,0.4421768707482993,65,82,15.18303394317627
338,8,3,euclidean,idw,equal,0.5102040816326531,75,72,15.464962005615234
339,9,3,euclidean,idw,equal,0.4864864864864865,72,76,12.662999629974365
340,0,3,euclidean,idw,correlation,0.40540540540540543,60,88,13.613004922866821
341,1,3,euclidean,idw,correlation,0.38095238095238093,56,91,17.638004064559937
342,2,3,euclidean,idw,correlation,0.4391891891891892,65,83,14.897032737731934
343,3,3,euclidean,idw,correlation,0.4827586206896552,70,75,13.830912828445435
344,4,3,euclidean,idw,correlation,0.46258503401360546,68,79,17.727779150009155
345,5,3,euclidean,idw,correlation,0.4557823129251701,67,80,12.611000537872314
346,6,3,euclidean,idw,correlation,0.4899328859060403,73,76,13.62299394607544
347,7,3,euclidean,idw,correlation,0.42857142857142855,63,84,16.571717977523804
348,8,3,euclidean,idw,correlation,0.5170068027210885,76,71,12.436998844146729
349,9,3,euclidean,idw,correlation,0.49324324324324326,73,75,12.782004594802856
350,0,3,euclidean,idw,information_gain,0.44594594594594594,66,82,17.879281044006348
351,1,3,euclidean,idw,information_gain,0.4217687074829932,62,85,12.143910884857178
352,2,3,euclidean,idw,information_gain,0.46621621621621623,69,79,12.187497854232788
353,3,3,euclidean,idw,information_gain,0.47586206896551725,69,76,20.958780765533447
354,4,3,euclidean,idw,information_gain,0.46938775510204084,69,78,12.389001369476318
355,5,3,euclidean,idw,information_gain,0.48299319727891155,71,76,12.768001556396484
356,6,3,euclidean,idw,information_gain,0.436241610738255,65,84,16.790038585662842
357,7,3,euclidean,idw,information_gain,0.43537414965986393,64,83,12.268996953964233
358,8,3,euclidean,idw,information_gain,0.5034013605442177,74,73,13.337966203689575
359,9,3,euclidean,idw,information_gain,0.4797297297297297,71,77,17.066959619522095
360,0,3,manhattan,majority,equal,0.44594594594594594,66,82,12.723999261856079
361,1,3,manhattan,majority,equal,0.42857142857142855,63,84,13.154998302459717
362,2,3,manhattan,majority,equal,0.46621621621621623,69,79,16.508001565933228
363,3,3,manhattan,majority,equal,0.45517241379310347,66,79,12.004997491836548
364,4,3,manhattan,majority,equal,0.46258503401360546,68,79,15.514980792999268
365,5,3,manhattan,majority,equal,0.4489795918367347,66,81,17.333138465881348
366,6,3,manhattan,majority,equal,0.47651006711409394,71,78,11.692310810089111
367,7,3,manhattan,majority,equal,0.4489795918367347,66,81,11.63145136833191
368,8,3,manhattan,majority,equal,0.5102040816326531,75,72,11.835859298706055
369,9,3,manhattan,majority,equal,0.4797297297297297,71,77,15.007899045944214
370,0,3,manhattan,majority,correlation,0.4189189189189189,62,86,11.985562801361084
371,1,3,manhattan,majority,correlation,0.4013605442176871,59,88,11.461917638778687
372,2,3,manhattan,majority,correlation,0.42567567567567566,63,85,11.821320533752441
373,3,3,manhattan,majority,correlation,0.45517241379310347,66,79,11.44535779953003
374,4,3,manhattan,majority,correlation,0.46258503401360546,68,79,15.303041458129883
375,5,3,manhattan,majority,correlation,0.40816326530612246,60,87,11.72651743888855
376,6,3,manhattan,majority,correlation,0.5302013422818792,79,70,11.562520742416382
377,7,3,manhattan,majority,correlation,0.4557823129251701,67,80,11.646151542663574
378,8,3,manhattan,majority,correlation,0.54421768707483,80,67,13.049216747283936
379,9,3,manhattan,majority,correlation,0.4864864864864865,72,76,13.609434366226196
380,0,3,manhattan,majority,information_gain,0.5067567567567568,75,73,11.509090900421143
381,1,3,manhattan,majority,information_gain,0.4897959183673469,72,75,11.286265850067139
382,2,3,manhattan,majority,information_gain,0.4527027027027027,67,81,11.836798191070557
383,3,3,manhattan,majority,information_gain,0.496551724137931,72,73,13.469055652618408
384,4,3,manhattan,majority,information_gain,0.46938775510204084,69,78,13.07628321647644
385,5,3,manhattan,majority,information_gain,0.4897959183673469,72,75,11.665035963058472
386,6,3,manhattan,majority,information_gain,0.42953020134228187,64,85,11.994187116622925
387,7,3,manhattan,majority,information_gain,0.4489795918367347,66,81,13.609637975692749
388,8,3,manhattan,majority,information_gain,0.4965986394557823,73,74,18.35888695716858
389,9,3,manhattan,majority,information_gain,0.43243243243243246,64,84,11.72510814666748
390,0,3,manhattan,sheppard,equal,0.42567567567567566,63,85,11.506783962249756
391,1,3,manhattan,sheppard,equal,0.42857142857142855,63,84,11.508711576461792
392,2,3,manhattan,sheppard,equal,0.4527027027027027,67,81,11.916117668151855
393,3,3,manhattan,sheppard,equal,0.46206896551724136,67,78,14.439670324325562
394,4,3,manhattan,sheppard,equal,0.4557823129251701,67,80,11.680700302124023
395,5,3,manhattan,sheppard,equal,0.4557823129251701,67,80,11.773298740386963
396,6,3,manhattan,sheppard,equal,0.47651006711409394,71,78,12.167236089706421
397,7,3,manhattan,sheppard,equal,0.4421768707482993,65,82,11.524446249008179
398,8,3,manhattan,sheppard,equal,0.5102040816326531,75,72,14.956319808959961
399,9,3,manhattan,sheppard,equal,0.4594594594594595,68,80,11.852538585662842
400,0,3,manhattan,sheppard,correlation,0.4189189189189189,62,86,11.385402202606201
401,1,3,manhattan,sheppard,correlation,0.4013605442176871,59,88,11.679561853408813
402,2,3,manhattan,sheppard,correlation,0.42567567567567566,63,85,11.852546453475952
403,3,3,manhattan,sheppard,correlation,0.45517241379310347,66,79,13.60967230796814
404,4,3,manhattan,sheppard,correlation,0.46258503401360546,68,79,12.527350902557373
405,5,3,manhattan,sheppard,correlation,0.40816326530612246,60,87,11.993162393569946
406,6,3,manhattan,sheppard,correlation,0.5302013422818792,79,70,11.947386980056763
407,7,3,manhattan,sheppard,correlation,0.4557823129251701,67,80,11.491109609603882
408,8,3,manhattan,sheppard,correlation,0.54421768707483,80,67,12.325494527816772
409,9,3,manhattan,sheppard,correlation,0.4864864864864865,72,76,14.07814073562622
410,0,3,manhattan,sheppard,information_gain,0.47297297297297297,70,78,11.667713403701782
411,1,3,manhattan,sheppard,information_gain,0.46258503401360546,68,79,11.524499654769897
412,2,3,manhattan,sheppard,information_gain,0.5067567567567568,75,73,11.67966103553772
413,3,3,manhattan,sheppard,information_gain,0.4689655172413793,68,77,11.50873064994812
414,4,3,manhattan,sheppard,information_gain,0.4217687074829932,62,85,13.986671209335327
415,5,3,manhattan,sheppard,information_gain,0.4965986394557823,73,74,11.805735111236572
416,6,3,manhattan,sheppard,information_gain,0.4899328859060403,73,76,11.633705615997314
417,7,3,manhattan,sheppard,information_gain,0.41496598639455784,61,86,11.727683544158936
418,8,3,manhattan,sheppard,information_gain,0.5306122448979592,78,69,14.893775224685669
419,9,3,manhattan,sheppard,information_gain,0.42567567567567566,63,85,11.946288824081421
420,0,3,manhattan,idw,equal,0.41216216216216217,61,87,11.414015054702759
421,1,3,manhattan,idw,equal,0.43537414965986393,64,83,11.178607940673828
422,2,3,manhattan,idw,equal,0.47297297297297297,70,78,12.08896517753601
423,3,3,manhattan,idw,equal,0.4827586206896552,70,75,17.695287942886353
424,4,3,manhattan,idw,equal,0.4557823129251701,67,80,12.084969758987427
425,5,3,manhattan,idw,equal,0.43537414965986393,64,83,11.88589596748352
426,6,3,manhattan,idw,equal,0.4899328859060403,73,76,11.664904594421387
427,7,3,manhattan,idw,equal,0.4489795918367347,66,81,12.494362115859985
428,8,3,manhattan,idw,equal,0.4965986394557823,73,74,13.82819151878357
429,9,3,manhattan,idw,equal,0.4797297297297297,71,77,11.91706395149231
430,0,3,manhattan,idw,correlation,0.39864864864864863,59,89,11.91402554512024
431,1,3,manhattan,idw,correlation,0.41496598639455784,61,86,11.526419639587402
432,2,3,manhattan,idw,correlation,0.40540540540540543,60,88,13.418705940246582
433,3,3,manhattan,idw,correlation,0.4482758620689655,65,80,13.22248125076294
434,4,3,manhattan,idw,correlation,0.48299319727891155,71,76,11.330662488937378
435,5,3,manhattan,idw,correlation,0.43537414965986393,64,83,11.89850401878357
436,6,3,manhattan,idw,correlation,0.5033557046979866,75,74,11.726528406143188
437,7,3,manhattan,idw,correlation,0.4489795918367347,66,81,14.252203941345215
438,8,3,manhattan,idw,correlation,0.5306122448979592,78,69,11.979594945907593
439,9,3,manhattan,idw,correlation,0.5,74,74,12.07230019569397
440,0,3,manhattan,idw,information_gain,0.43243243243243246,64,84,11.727484941482544
441,1,3,manhattan,idw,information_gain,0.47619047619047616,70,77,11.90051007270813
442,2,3,manhattan,idw,information_gain,0.38513513513513514,57,91,12.229520559310913
443,3,3,manhattan,idw,information_gain,0.5448275862068965,79,66,14.70422101020813
444,4,3,manhattan,idw,information_gain,0.43537414965986393,64,83,11.52241826057434
445,5,3,manhattan,idw,information_gain,0.4965986394557823,73,74,11.758906126022339
446,6,3,manhattan,idw,information_gain,0.4563758389261745,68,81,11.50662088394165
447,7,3,manhattan,idw,information_gain,0.46258503401360546,68,79,11.80249810218811
448,8,3,manhattan,idw,information_gain,0.5374149659863946,79,68,11.726468324661255
449,9,3,manhattan,idw,information_gain,0.5405405405405406,80,68,14.629433870315552
450,0,3,cosine,majority,equal,0.42567567567567566,63,85,13.828120708465576
451,1,3,cosine,majority,equal,0.4217687074829932,62,85,14.078299522399902
452,2,3,cosine,majority,equal,0.4864864864864865,72,76,14.4563467502594
453,3,3,cosine,majority,equal,0.45517241379310347,66,79,14.000148296356201
454,4,3,cosine,majority,equal,0.4557823129251701,67,80,17.153904914855957
455,5,3,cosine,majority,equal,0.46258503401360546,68,79,14.218910455703735
456,6,3,cosine,majority,equal,0.4966442953020134,74,75,13.831751585006714
457,7,3,cosine,majority,equal,0.43537414965986393,64,83,13.356080055236816
458,8,3,cosine,majority,equal,0.47619047619047616,70,77,14.030457496643066
459,9,3,cosine,majority,equal,0.5,74,74,15.71211576461792
460,0,3,cosine,majority,correlation,0.41216216216216217,61,87,15.488690614700317
461,1,3,cosine,majority,correlation,0.3945578231292517,58,89,13.953314065933228
462,2,3,cosine,majority,correlation,0.4391891891891892,65,83,14.017819881439209
463,3,3,cosine,majority,correlation,0.4413793103448276,64,81,13.618992567062378
464,4,3,cosine,majority,correlation,0.46938775510204084,69,78,16.666595458984375
465,5,3,cosine,majority,correlation,0.4489795918367347,66,81,14.08037257194519
466,6,3,cosine,majority,correlation,0.5167785234899329,77,72,14.352957487106323
467,7,3,cosine,majority,correlation,0.42857142857142855,63,84,13.982967376708984
468,8,3,cosine,majority,correlation,0.5374149659863946,79,68,15.897771120071411
469,9,3,cosine,majority,correlation,0.47297297297297297,70,78,14.644829511642456
470,0,3,cosine,majority,information_gain,0.44594594594594594,66,82,13.795979976654053
471,1,3,cosine,majority,information_gain,0.4489795918367347,66,81,13.905009984970093
472,2,3,cosine,majority,information_gain,0.4864864864864865,72,76,15.145793676376343
473,3,3,cosine,majority,information_gain,0.4896551724137931,71,74,15.999810218811035
474,4,3,cosine,majority,information_gain,0.43537414965986393,64,83,14.651148319244385
475,5,3,cosine,majority,information_gain,0.47619047619047616,70,77,13.888359069824219
476,6,3,cosine,majority,information_gain,0.38926174496644295,58,91,16.52472996711731
477,7,3,cosine,majority,information_gain,0.4489795918367347,66,81,14.015748500823975
478,8,3,cosine,majority,information_gain,0.5238095238095238,77,70,14.126192808151245
479,9,3,cosine,majority,information_gain,0.4864864864864865,72,76,14.017780303955078
480,0,3,cosine,sheppard,equal,0.42567567567567566,63,85,15.264334440231323
481,1,3,cosine,sheppard,equal,0.4217687074829932,62,85,16.42492914199829
482,2,3,cosine,sheppard,equal,0.4864864864864865,72,76,14.011857509613037
483,3,3,cosine,sheppard,equal,0.45517241379310347,66,79,13.750135898590088
484,4,3,cosine,sheppard,equal,0.4557823129251701,67,80,13.875174522399902
485,5,3,cosine,sheppard,equal,0.46258503401360546,68,79,14.815698623657227
486,6,3,cosine,sheppard,equal,0.4966442953020134,74,75,15.17807388305664
487,7,3,cosine,sheppard,equal,0.43537414965986393,64,83,13.545054197311401
488,8,3,cosine,sheppard,equal,0.47619047619047616,70,77,14.874013423919678
489,9,3,cosine,sheppard,equal,0.5,74,74,17.99958086013794
490,0,3,cosine,sheppard,correlation,0.41216216216216217,61,87,13.765770673751831
491,1,3,cosine,sheppard,correlation,0.3945578231292517,58,89,14.20438003540039
492,2,3,cosine,sheppard,correlation,0.4391891891891892,65,83,14.017695903778076
493,3,3,cosine,sheppard,correlation,0.4413793103448276,64,81,13.859696626663208
494,4,3,cosine,sheppard,correlation,0.46938775510204084,69,78,17.451025009155273
495,5,3,cosine,sheppard,correlation,0.4489795918367347,66,81,13.937283992767334
496,6,3,cosine,sheppard,correlation,0.5167785234899329,77,72,13.936761617660522
497,7,3,cosine,sheppard,correlation,0.42857142857142855,63,84,14.033478260040283
498,8,3,cosine,sheppard,correlation,0.5374149659863946,79,68,14.015675783157349
499,9,3,cosine,sheppard,correlation,0.47297297297297297,70,78,17.54450249671936
500,0,3,cosine,sheppard,information_gain,0.43243243243243246,64,84,14.125084400177002
501,1,3,cosine,sheppard,information_gain,0.4557823129251701,67,80,14.093928337097168
502,2,3,cosine,sheppard,information_gain,0.49324324324324326,73,75,14.11980676651001
503,3,3,cosine,sheppard,information_gain,0.5517241379310345,80,65,14.425063371658325
504,4,3,cosine,sheppard,information_gain,0.41496598639455784,61,86,15.913495063781738
505,5,3,cosine,sheppard,information_gain,0.48299319727891155,71,76,14.299044609069824
506,6,3,cosine,sheppard,information_gain,0.48322147651006714,72,77,13.875232219696045
507,7,3,cosine,sheppard,information_gain,0.40816326530612246,60,87,15.553091526031494
508,8,3,cosine,sheppard,information_gain,0.47619047619047616,70,77,14.69052004814148
509,9,3,cosine,sheppard,information_gain,0.4527027027027027,67,81,14.142856359481812
510,0,3,cosine,idw,equal,0.38513513513513514,57,91,14.156471967697144
511,1,3,cosine,idw,equal,0.42857142857142855,63,84,14.347842454910278
512,2,3,cosine,idw,equal,0.4594594594594595,68,80,16.477019548416138
513,3,3,cosine,idw,equal,0.47586206896551725,69,76,13.749488592147827
514,4,3,cosine,idw,equal,0.46258503401360546,68,79,13.780436992645264
515,5,3,cosine,idw,equal,0.46258503401360546,68,79,14.33035945892334
516,6,3,cosine,idw,equal,0.4966442953020134,74,75,16.868499994277954
517,7,3,cosine,idw,equal,0.46258503401360546,68,79,13.423191785812378
518,8,3,cosine,idw,equal,0.46258503401360546,68,79,13.780272006988525
519,9,3,cosine,idw,equal,0.5,74,74,14.062651872634888
520,0,3,cosine,idw,correlation,0.3716216216216216,55,93,16.698769092559814
521,1,3,cosine,idw,correlation,0.3945578231292517,58,89,14.282416582107544
522,2,3,cosine,idw,correlation,0.42567567567567566,63,85,14.12514877319336
523,3,3,cosine,idw,correlation,0.46206896551724136,67,78,13.656427383422852
524,4,3,cosine,idw,correlation,0.48299319727891155,71,76,15.442705869674683
525,5,3,cosine,idw,correlation,0.4489795918367347,66,81,14.426050901412964
526,6,3,cosine,idw,correlation,0.5033557046979866,75,74,14.015812397003174
527,7,3,cosine,idw,correlation,0.42857142857142855,63,84,13.859616041183472
528,8,3,cosine,idw,correlation,0.4897959183673469,72,75,14.846879720687866
529,9,3,cosine,idw,correlation,0.4594594594594595,68,80,15.850968360900879
530,0,3,cosine,idw,information_gain,0.4797297297297297,71,77,13.703346729278564
531,1,3,cosine,idw,information_gain,0.46938775510204084,69,78,13.748631000518799
532,2,3,cosine,idw,information_gain,0.42567567567567566,63,85,16.253971815109253
533,3,3,cosine,idw,information_gain,0.4689655172413793,68,77,14.361558675765991
534,4,3,cosine,idw,information_gain,0.47619047619047616,70,77,13.531498670578003
535,5,3,cosine,idw,information_gain,0.5102040816326531,75,72,14.127169132232666
536,6,3,cosine,idw,information_gain,0.44966442953020136,67,82,15.585330247879028
537,7,3,cosine,idw,information_gain,0.4217687074829932,62,85,15.286400079727173
538,8,3,cosine,idw,information_gain,0.48299319727891155,71,76,14.111660480499268
539,9,3,cosine,idw,information_gain,0.4189189189189189,62,86,14.050878047943115
540,0,5,euclidean,majority,equal,0.47297297297297297,70,78,13.307875156402588
541,1,5,euclidean,majority,equal,0.41496598639455784,61,86,13.15239667892456
542,2,5,euclidean,majority,equal,0.5,74,74,11.430698156356812
543,3,5,euclidean,majority,equal,0.4206896551724138,61,84,11.852491855621338
544,4,5,euclidean,majority,equal,0.46258503401360546,68,79,11.507729291915894
545,5,5,euclidean,majority,equal,0.46258503401360546,68,79,12.43008041381836
546,6,5,euclidean,majority,equal,0.48322147651006714,72,77,14.739190578460693
547,7,5,euclidean,majority,equal,0.43537414965986393,64,83,11.39939832687378
548,8,5,euclidean,majority,equal,0.46258503401360546,68,79,11.665524959564209
549,9,5,euclidean,majority,equal,0.5067567567567568,75,73,11.897998094558716
550,0,5,euclidean,majority,correlation,0.43243243243243246,64,84,11.461973905563354
551,1,5,euclidean,majority,correlation,0.3877551020408163,57,90,16.100972652435303
552,2,5,euclidean,majority,correlation,0.49324324324324326,73,75,11.727532625198364
553,3,5,euclidean,majority,correlation,0.47586206896551725,69,76,11.602502822875977
554,4,5,euclidean,majority,correlation,0.4421768707482993,65,82,12.04112720489502
555,5,5,euclidean,majority,correlation,0.4897959183673469,72,75,14.597851753234863
556,6,5,euclidean,majority,correlation,0.47651006711409394,71,78,11.458950281143188
557,7,5,euclidean,majority,correlation,0.4557823129251701,67,80,11.696303129196167
558,8,5,euclidean,majority,correlation,0.5510204081632653,81,66,11.665080547332764
559,9,5,euclidean,majority,correlation,0.4864864864864865,72,76,11.711856126785278
560,0,5,euclidean,majority,information_gain,0.5135135135135135,76,72,13.78146767616272
561,1,5,euclidean,majority,information_gain,0.43537414965986393,64,83,12.87270736694336
562,2,5,euclidean,majority,information_gain,0.47297297297297297,70,78,11.366079568862915
563,3,5,euclidean,majority,information_gain,0.4413793103448276,64,81,11.425909757614136
564,4,5,euclidean,majority,information_gain,0.46258503401360546,68,79,11.696259498596191
565,5,5,euclidean,majority,information_gain,0.5714285714285714,84,63,11.977471113204956
566,6,5,euclidean,majority,information_gain,0.4899328859060403,73,76,14.000110626220703
567,7,5,euclidean,majority,information_gain,0.41496598639455784,61,86,11.586960315704346
568,8,5,euclidean,majority,information_gain,0.5238095238095238,77,70,11.465679168701172
569,9,5,euclidean,majority,information_gain,0.5,74,74,12.02650237083435
570,0,5,euclidean,sheppard,equal,0.46621621621621623,69,79,11.773404836654663
571,1,5,euclidean,sheppard,equal,0.41496598639455784,61,86,14.75425124168396
572,2,5,euclidean,sheppard,equal,0.5,74,74,12.056587934494019
573,3,5,euclidean,sheppard,equal,0.4206896551724138,61,84,11.85255479812622
574,4,5,euclidean,sheppard,equal,0.4557823129251701,67,80,11.696241617202759
575,5,5,euclidean,sheppard,equal,0.4965986394557823,73,74,12.150471210479736
576,6,5,euclidean,sheppard,equal,0.47651006711409394,71,78,12.026466846466064
577,7,5,euclidean,sheppard,equal,0.4489795918367347,66,81,13.232570886611938
578,8,5,euclidean,sheppard,equal,0.48299319727891155,71,76,13.357534885406494
579,9,5,euclidean,sheppard,equal,0.5,74,74,11.9014253616333
580,0,5,euclidean,sheppard,correlation,0.44594594594594594,66,82,11.867191553115845
581,1,5,euclidean,sheppard,correlation,0.3877551020408163,57,90,11.55566120147705
582,2,5,euclidean,sheppard,correlation,0.5135135135135135,76,72,12.43270754814148
583,3,5,euclidean,sheppard,correlation,0.46206896551724136,67,78,13.969849586486816
584,4,5,euclidean,sheppard,correlation,0.43537414965986393,64,83,11.914956092834473
585,5,5,euclidean,sheppard,correlation,0.4897959183673469,72,75,12.119293689727783
586,6,5,euclidean,sheppard,correlation,0.4899328859060403,73,76,11.932660818099976
587,7,5,euclidean,sheppard,correlation,0.4489795918367347,66,81,11.821356058120728
588,8,5,euclidean,sheppard,correlation,0.564625850340136,83,64,13.843931674957275
589,9,5,euclidean,sheppard,correlation,0.4797297297297297,71,77,11.710886240005493
590,0,5,euclidean,sheppard,information_gain,0.42567567567567566,63,85,11.963975191116333
591,1,5,euclidean,sheppard,information_gain,0.46938775510204084,69,78,12.244138956069946
592,2,5,euclidean,sheppard,information_gain,0.5067567567567568,75,73,12.777408599853516
593,3,5,euclidean,sheppard,information_gain,0.4896551724137931,71,74,13.781439304351807
594,4,5,euclidean,sheppard,information_gain,0.5034013605442177,74,73,11.744247913360596
595,5,5,euclidean,sheppard,information_gain,0.5782312925170068,85,62,12.087895631790161
596,6,5,euclidean,sheppard,information_gain,0.4697986577181208,70,79,11.883809804916382
597,7,5,euclidean,sheppard,information_gain,0.4557823129251701,67,80,12.322227239608765
598,8,5,euclidean,sheppard,information_gain,0.4897959183673469,72,75,14.404590845108032
599,9,5,euclidean,sheppard,information_gain,0.5,74,74,11.835804224014282
600,0,5,euclidean,idw,equal,0.4527027027027027,67,81,11.92430329322815
601,1,5,euclidean,idw,equal,0.42857142857142855,63,84,12.15139365196228
602,2,5,euclidean,idw,equal,0.4864864864864865,72,76,11.710890054702759
603,3,5,euclidean,idw,equal,0.4482758620689655,65,80,13.123292446136475
604,4,5,euclidean,idw,equal,0.4557823129251701,67,80,12.18264389038086
605,5,5,euclidean,idw,equal,0.4965986394557823,73,74,11.71090292930603
606,6,5,euclidean,idw,equal,0.5033557046979866,75,74,12.245144128799438
607,7,5,euclidean,idw,equal,0.4489795918367347,66,81,12.558805465698242
608,8,5,euclidean,idw,equal,0.47619047619047616,70,77,13.044044017791748
609,9,5,euclidean,idw,equal,0.49324324324324326,73,75,11.931579113006592
610,0,5,euclidean,idw,correlation,0.42567567567567566,63,85,12.055703401565552
611,1,5,euclidean,idw,correlation,0.40816326530612246,60,87,12.041072845458984
612,2,5,euclidean,idw,correlation,0.4527027027027027,67,81,12.465944766998291
613,3,5,euclidean,idw,correlation,0.4827586206896552,70,75,14.469875812530518
614,4,5,euclidean,idw,correlation,0.43537414965986393,64,83,11.727404117584229
615,5,5,euclidean,idw,correlation,0.5034013605442177,74,73,12.02656102180481
616,6,5,euclidean,idw,correlation,0.48322147651006714,72,77,11.710973978042603
617,7,5,euclidean,idw,correlation,0.4489795918367347,66,81,12.167027473449707
618,8,5,euclidean,idw,correlation,0.5374149659863946,79,68,13.968992710113525
619,9,5,euclidean,idw,correlation,0.47297297297297297,70,78,12.041002988815308
620,0,5,euclidean,idw,information_gain,0.44594594594594594,66,82,11.305628061294556
621,1,5,euclidean,idw,information_gain,0.46258503401360546,68,79,11.790066003799438
622,2,5,euclidean,idw,information_gain,0.46621621621621623,69,79,11.85249662399292
623,3,5,euclidean,idw,information_gain,0.4413793103448276,64,81,13.890762567520142
624,4,5,euclidean,idw,information_gain,0.48299319727891155,71,76,14.110357522964478
625,5,5,euclidean,idw,information_gain,0.5170068027210885,76,71,11.64985704421997
626,6,5,euclidean,idw,information_gain,0.5234899328859061,78,71,11.931308507919312
627,7,5,euclidean,idw,information_gain,0.41496598639455784,61,86,11.805666446685791
628,8,5,euclidean,idw,information_gain,0.46938775510204084,69,78,12.071286678314209
629,9,5,euclidean,idw,information_gain,0.44594594594594594,66,82,15.018802165985107
630,0,5,manhattan,majority,equal,0.4594594594594595,68,80,11.399389266967773
631,1,5,manhattan,majority,equal,0.42857142857142855,63,84,11.6807119846344
632,2,5,manhattan,majority,equal,0.5,74,74,11.427605390548706
633,3,5,manhattan,majority,equal,0.46206896551724136,67,78,11.57135009765625
634,4,5,manhattan,majority,equal,0.4965986394557823,73,74,11.540073871612549
635,5,5,manhattan,majority,equal,0.47619047619047616,70,77,15.19184947013855
636,6,5,manhattan,majority,equal,0.47651006711409394,71,78,11.85339093208313
637,7,5,manhattan,majority,equal,0.4489795918367347,66,81,11.899422645568848
638,8,5,manhattan,majority,equal,0.5102040816326531,75,72,11.773388624191284
639,9,5,manhattan,majority,equal,0.4864864864864865,72,76,11.870173931121826
640,0,5,manhattan,majority,correlation,0.47297297297297297,70,78,11.726476669311523
641,1,5,manhattan,majority,correlation,0.41496598639455784,61,86,13.593922853469849
642,2,5,manhattan,majority,correlation,0.4797297297297297,71,77,11.319396018981934
643,3,5,manhattan,majority,correlation,0.4482758620689655,65,80,11.319492101669312
644,4,5,manhattan,majority,correlation,0.4421768707482993,65,82,11.823033809661865
645,5,5,manhattan,majority,correlation,0.5306122448979592,78,69,11.867285251617432
646,6,5,manhattan,majority,correlation,0.5234899328859061,78,71,14.220947027206421
647,7,5,manhattan,majority,correlation,0.4217687074829932,62,85,11.80556845664978
648,8,5,manhattan,majority,correlation,0.54421768707483,80,67,11.460927486419678
649,9,5,manhattan,majority,correlation,0.5,74,74,11.665025234222412
650,0,5,manhattan,majority,information_gain,0.5135135135135135,76,72,11.713152647018433
651,1,5,manhattan,majority,information_gain,0.4557823129251701,67,80,11.655319929122925
652,2,5,manhattan,majority,information_gain,0.47297297297297297,70,78,14.109307527542114
653,3,5,manhattan,majority,information_gain,0.5379310344827586,78,67,11.506430864334106
654,4,5,manhattan,majority,information_gain,0.46938775510204084,69,78,11.710890769958496
655,5,5,manhattan,majority,information_gain,0.5238095238095238,77,70,11.649458885192871
656,6,5,manhattan,majority,information_gain,0.4899328859060403,73,76,11.705236911773682
657,7,5,manhattan,majority,information_gain,0.40816326530612246,60,87,14.093966722488403
658,8,5,manhattan,majority,information_gain,0.54421768707483,80,67,11.350629568099976
659,9,5,manhattan,majority,information_gain,0.5135135135135135,76,72,11.649275064468384
660,0,5,manhattan,sheppard,equal,0.4594594594594595,68,80,11.74427604675293
661,1,5,manhattan,sheppard,equal,0.41496598639455784,61,86,11.774461507797241
662,2,5,manhattan,sheppard,equal,0.4864864864864865,72,76,13.591964721679688
663,3,5,manhattan,sheppard,equal,0.4482758620689655,65,80,11.72936749458313
664,4,5,manhattan,sheppard,equal,0.46258503401360546,68,79,11.72669529914856
665,5,5,manhattan,sheppard,equal,0.5034013605442177,74,73,11.836941003799438
666,6,5,manhattan,sheppard,equal,0.4697986577181208,70,79,11.928471565246582
667,7,5,manhattan,sheppard,equal,0.46938775510204084,69,78,13.470980882644653
668,8,5,manhattan,sheppard,equal,0.5102040816326531,75,72,11.382125616073608
669,9,5,manhattan,sheppard,equal,0.4527027027027027,67,81,11.822082281112671
670,0,5,manhattan,sheppard,correlation,0.4797297297297297,71,77,11.680707931518555
671,1,5,manhattan,sheppard,correlation,0.42857142857142855,63,84,11.946608304977417
672,2,5,manhattan,sheppard,correlation,0.4864864864864865,72,76,13.310748100280762
673,3,5,manhattan,sheppard,correlation,0.4482758620689655,65,80,11.3823983669281
674,4,5,manhattan,sheppard,correlation,0.43537414965986393,64,83,11.461926221847534
675,5,5,manhattan,sheppard,correlation,0.5170068027210885,76,71,11.66505479812622
676,6,5,manhattan,sheppard,correlation,0.5234899328859061,78,71,14.266397714614868
677,7,5,manhattan,sheppard,correlation,0.4217687074829932,62,85,11.487550020217896
678,8,5,manhattan,sheppard,correlation,0.5578231292517006,82,65,11.352651596069336
679,9,5,manhattan,sheppard,correlation,0.4864864864864865,72,76,11.837114572525024
680,0,5,manhattan,sheppard,information_gain,0.4594594594594595,68,80,11.523065567016602
681,1,5,manhattan,sheppard,information_gain,0.43537414965986393,64,83,12.31586241722107
682,2,5,manhattan,sheppard,information_gain,0.5540540540540541,82,66,12.637105703353882
683,3,5,manhattan,sheppard,information_gain,0.5448275862068965,79,66,11.539644002914429
684,4,5,manhattan,sheppard,information_gain,0.5034013605442177,74,73,12.291061162948608
685,5,5,manhattan,sheppard,information_gain,0.5102040816326531,75,72,12.039929628372192
686,6,5,manhattan,sheppard,information_gain,0.4697986577181208,70,79,14.454229593276978
687,7,5,manhattan,sheppard,information_gain,0.3945578231292517,58,89,11.665033340454102
688,8,5,manhattan,sheppard,information_gain,0.4489795918367347,66,81,11.553663969039917
689,9,5,manhattan,sheppard,information_gain,0.5,74,74,12.078843355178833
690,0,5,manhattan,idw,equal,0.44594594594594594,66,82,11.689759969711304
691,1,5,manhattan,idw,equal,0.4421768707482993,65,82,12.22856855392456
692,2,5,manhattan,idw,equal,0.46621621621621623,69,79,13.698166370391846
693,3,5,manhattan,idw,equal,0.46206896551724136,67,78,11.512144565582275
694,4,5,manhattan,idw,equal,0.4421768707482993,65,82,11.930453300476074
695,5,5,manhattan,idw,equal,0.47619047619047616,70,77,12.024536848068237
696,6,5,manhattan,idw,equal,0.4966442953020134,74,75,11.708777666091919
697,7,5,manhattan,idw,equal,0.46938775510204084,69,78,15.79149580001831
698,8,5,manhattan,idw,equal,0.5034013605442177,74,73,12.41805100440979
699,9,5,manhattan,idw,equal,0.4864864864864865,72,76,11.649369478225708
700,0,5,manhattan,idw,correlation,0.4391891891891892,65,83,11.773159265518188
701,1,5,manhattan,idw,correlation,0.4217687074829932,62,85,11.679676294326782
702,2,5,manhattan,idw,correlation,0.43243243243243246,64,84,11.58691668510437
703,3,5,manhattan,idw,correlation,0.47586206896551725,69,76,14.470881938934326
704,4,5,manhattan,idw,correlation,0.4421768707482993,65,82,11.477601528167725
705,5,5,manhattan,idw,correlation,0.5306122448979592,78,69,12.087942123413086
706,6,5,manhattan,idw,correlation,0.47651006711409394,71,78,12.15146279335022
707,7,5,manhattan,idw,correlation,0.43537414965986393,64,83,11.788933515548706
708,8,5,manhattan,idw,correlation,0.5374149659863946,79,68,11.75880241394043
709,9,5,manhattan,idw,correlation,0.47297297297297297,70,78,15.307990789413452
710,0,5,manhattan,idw,information_gain,0.49324324324324326,73,75,13.969902515411377
711,1,5,manhattan,idw,information_gain,0.5170068027210885,76,71,13.241538524627686
712,2,5,manhattan,idw,information_gain,0.4391891891891892,65,83,11.658788442611694
713,3,5,manhattan,idw,information_gain,0.4689655172413793,68,77,11.816247940063477
714,4,5,manhattan,idw,information_gain,0.4217687074829932,62,85,11.891910314559937
715,5,5,manhattan,idw,information_gain,0.5306122448979592,78,69,12.048929929733276
716,6,5,manhattan,idw,information_gain,0.5436241610738255,81,68,13.158458232879639
717,7,5,manhattan,idw,information_gain,0.43537414965986393,64,83,12.144691705703735
718,8,5,manhattan,idw,information_gain,0.5306122448979592,78,69,11.627033710479736
719,9,5,manhattan,idw,information_gain,0.5135135135135135,76,72,12.104976415634155
720,0,5,cosine,majority,equal,0.47297297297297297,70,78,14.19097375869751
721,1,5,cosine,majority,equal,0.4013605442176871,59,88,16.424783945083618
722,2,5,cosine,majority,equal,0.4864864864864865,72,76,14.238429307937622
723,3,5,cosine,majority,equal,0.4206896551724138,61,84,13.62717318534851
724,4,5,cosine,majority,equal,0.46258503401360546,68,79,14.063984870910645
725,5,5,cosine,majority,equal,0.5034013605442177,74,73,14.095892667770386
726,6,5,cosine,majority,equal,0.47651006711409394,71,78,16.614691495895386
727,7,5,cosine,majority,equal,0.4421768707482993,65,82,13.736510753631592
728,8,5,cosine,majority,equal,0.46258503401360546,68,79,14.142026901245117
729,9,5,cosine,majority,equal,0.49324324324324326,73,75,14.28438949584961
730,0,5,cosine,majority,correlation,0.46621621621621623,69,79,14.346766233444214
731,1,5,cosine,majority,correlation,0.3741496598639456,55,92,15.968814373016357
732,2,5,cosine,majority,correlation,0.4864864864864865,72,76,15.877590656280518
733,3,5,cosine,majority,correlation,0.46206896551724136,67,78,13.830724716186523
734,4,5,cosine,majority,correlation,0.4489795918367347,66,81,13.814670324325562
735,5,5,cosine,majority,correlation,0.47619047619047616,70,77,14.205583095550537
736,6,5,cosine,majority,correlation,0.48322147651006714,72,77,14.29888653755188
737,7,5,cosine,majority,correlation,0.43537414965986393,64,83,15.970520496368408
738,8,5,cosine,majority,correlation,0.5510204081632653,81,66,13.581842184066772
739,9,5,cosine,majority,correlation,0.4797297297297297,71,77,14.54947829246521
740,0,5,cosine,majority,information_gain,0.46621621621621623,69,79,15.298481702804565
741,1,5,cosine,majority,information_gain,0.46938775510204084,69,78,15.550419569015503
742,2,5,cosine,majority,information_gain,0.49324324324324326,73,75,14.162701845169067
743,3,5,cosine,majority,information_gain,0.5241379310344828,76,69,14.141919612884521
744,4,5,cosine,majority,information_gain,0.38095238095238093,56,91,14.005990505218506
745,5,5,cosine,majority,information_gain,0.5306122448979592,78,69,14.376219034194946
746,6,5,cosine,majority,information_gain,0.4697986577181208,70,79,16.75283670425415
747,7,5,cosine,majority,information_gain,0.4217687074829932,62,85,13.800707817077637
748,8,5,cosine,majority,information_gain,0.5034013605442177,74,73,13.891895532608032
749,9,5,cosine,majority,information_gain,0.46621621621621623,69,79,14.220864295959473
750,0,5,cosine,sheppard,equal,0.4797297297297297,71,77,14.76791501045227
751,1,5,cosine,sheppard,equal,0.42857142857142855,63,84,16.73743486404419
752,2,5,cosine,sheppard,equal,0.5,74,74,14.329921960830688
753,3,5,cosine,sheppard,equal,0.41379310344827586,60,85,13.893423557281494
754,4,5,cosine,sheppard,equal,0.47619047619047616,70,77,14.127538442611694
755,5,5,cosine,sheppard,equal,0.5170068027210885,76,71,15.894199132919312
756,6,5,cosine,sheppard,equal,0.47651006711409394,71,78,14.409096717834473
757,7,5,cosine,sheppard,equal,0.4489795918367347,66,81,13.940569877624512
758,8,5,cosine,sheppard,equal,0.46938775510204084,69,78,13.735535621643066
759,9,5,cosine,sheppard,equal,0.49324324324324326,73,75,14.440263509750366
760,0,5,cosine,sheppard,correlation,0.47297297297297297,70,78,16.72234058380127
761,1,5,cosine,sheppard,correlation,0.3877551020408163,57,90,15.27019190788269
762,2,5,cosine,sheppard,correlation,0.5135135135135135,76,72,14.607828855514526
763,3,5,cosine,sheppard,correlation,0.46206896551724136,67,78,15.51975131034851
764,4,5,cosine,sheppard,correlation,0.4421768707482993,65,82,14.397823810577393
765,5,5,cosine,sheppard,correlation,0.4897959183673469,72,75,15.443389654159546
766,6,5,cosine,sheppard,correlation,0.4899328859060403,73,76,18.89857316017151
767,7,5,cosine,sheppard,correlation,0.43537414965986393,64,83,14.49332046508789
768,8,5,cosine,sheppard,correlation,0.5374149659863946,79,68,14.352773189544678
769,9,5,cosine,sheppard,correlation,0.46621621621621623,69,79,18.33039379119873
770,0,5,cosine,sheppard,information_gain,0.49324324324324326,73,75,15.86492657661438
771,1,5,cosine,sheppard,information_gain,0.5034013605442177,74,73,13.971147298812866
772,2,5,cosine,sheppard,information_gain,0.5067567567567568,75,73,14.679195880889893
773,3,5,cosine,sheppard,information_gain,0.4413793103448276,64,81,13.861486196517944
774,4,5,cosine,sheppard,information_gain,0.4489795918367347,66,81,14.410067796707153
775,5,5,cosine,sheppard,information_gain,0.5306122448979592,78,69,17.330608367919922
776,6,5,cosine,sheppard,information_gain,0.46308724832214765,69,80,14.063912391662598
777,7,5,cosine,sheppard,information_gain,0.43537414965986393,64,83,13.927506446838379
778,8,5,cosine,sheppard,information_gain,0.4965986394557823,73,74,14.03144121170044
779,9,5,cosine,sheppard,information_gain,0.4864864864864865,72,76,16.681097269058228
780,0,5,cosine,idw,equal,0.41216216216216217,61,87,14.424144506454468
781,1,5,cosine,idw,equal,0.4217687074829932,62,85,14.424949884414673
782,2,5,cosine,idw,equal,0.4594594594594595,68,80,14.283389329910278
783,3,5,cosine,idw,equal,0.47586206896551725,69,76,13.54508090019226
784,4,5,cosine,idw,equal,0.4557823129251701,67,80,16.58735966682434
785,5,5,cosine,idw,equal,0.4965986394557823,73,74,13.734532833099365
786,6,5,cosine,idw,equal,0.5033557046979866,75,74,14.001201629638672
787,7,5,cosine,idw,equal,0.4557823129251701,67,80,14.166966915130615
788,8,5,cosine,idw,equal,0.4421768707482993,65,82,16.075876474380493
789,9,5,cosine,idw,equal,0.5135135135135135,76,72,14.879065752029419
790,0,5,cosine,idw,correlation,0.4189189189189189,62,86,13.985795974731445
791,1,5,cosine,idw,correlation,0.38095238095238093,56,91,13.764633893966675
792,2,5,cosine,idw,correlation,0.4527027027027027,67,81,14.443603515625
793,3,5,cosine,idw,correlation,0.47586206896551725,69,76,16.83043932914734
794,4,5,cosine,idw,correlation,0.43537414965986393,64,83,13.625080585479736
795,5,5,cosine,idw,correlation,0.47619047619047616,70,77,13.906455278396606
796,6,5,cosine,idw,correlation,0.5033557046979866,75,74,14.236456871032715
797,7,5,cosine,idw,correlation,0.4421768707482993,65,82,14.048089265823364
798,8,5,cosine,idw,correlation,0.5102040816326531,75,72,17.214354991912842
799,9,5,cosine,idw,correlation,0.4797297297297297,71,77,13.875210046768188
800,0,5,cosine,idw,information_gain,0.39864864864864863,59,89,14.314834833145142
801,1,5,cosine,idw,information_gain,0.4489795918367347,66,81,14.008984088897705
802,2,5,cosine,idw,information_gain,0.44594594594594594,66,82,16.022626638412476
803,3,5,cosine,idw,information_gain,0.46206896551724136,67,78,14.627106428146362
804,4,5,cosine,idw,information_gain,0.4557823129251701,67,80,13.718950748443604
805,5,5,cosine,idw,information_gain,0.4965986394557823,73,74,13.906471014022827
806,6,5,cosine,idw,information_gain,0.4966442953020134,74,75,14.251082181930542
807,7,5,cosine,idw,information_gain,0.4557823129251701,67,80,16.087480068206787
808,8,5,cosine,idw,information_gain,0.47619047619047616,70,77,14.31466293334961
809,9,5,cosine,idw,information_gain,0.4797297297297297,71,77,14.127081871032715
810,0,7,euclidean,majority,equal,0.4797297297297297,71,77,11.492270946502686
811,1,7,euclidean,majority,equal,0.40816326530612246,60,87,11.412989139556885
812,2,7,euclidean,majority,equal,0.5472972972972973,81,67,12.6376953125
813,3,7,euclidean,majority,equal,0.4206896551724138,61,84,13.357832431793213
814,4,7,euclidean,majority,equal,0.46938775510204084,69,78,11.538905382156372
815,5,7,euclidean,majority,equal,0.46938775510204084,69,78,11.821321249008179
816,6,7,euclidean,majority,equal,0.5302013422818792,79,70,11.901291370391846
817,7,7,euclidean,majority,equal,0.3877551020408163,57,90,14.57934021949768
818,8,7,euclidean,majority,equal,0.48299319727891155,71,76,12.277702808380127
819,9,7,euclidean,majority,equal,0.5202702702702703,77,71,11.615942001342773
820,0,7,euclidean,majority,correlation,0.46621621621621623,69,79,11.74521017074585
821,1,7,euclidean,majority,correlation,0.42857142857142855,63,84,12.039995193481445
822,2,7,euclidean,majority,correlation,0.5,74,74,12.150461673736572
823,3,7,euclidean,majority,correlation,0.4206896551724138,61,84,14.095897197723389
824,4,7,euclidean,majority,correlation,0.43537414965986393,64,83,12.525489091873169
825,5,7,euclidean,majority,correlation,0.4965986394557823,73,74,12.151318073272705
826,6,7,euclidean,majority,correlation,0.5436241610738255,81,68,12.293127298355103
827,7,7,euclidean,majority,correlation,0.41496598639455784,61,86,13.279361963272095
828,8,7,euclidean,majority,correlation,0.5170068027210885,76,71,11.743238687515259
829,9,7,euclidean,majority,correlation,0.49324324324324326,73,75,11.758781671524048
830,0,7,euclidean,majority,information_gain,0.47297297297297297,70,78,11.785244226455688
831,1,7,euclidean,majority,information_gain,0.4421768707482993,65,82,13.98475432395935
832,2,7,euclidean,majority,information_gain,0.5608108108108109,83,65,13.105509996414185
833,3,7,euclidean,majority,information_gain,0.4896551724137931,71,74,11.696253538131714
834,4,7,euclidean,majority,information_gain,0.4557823129251701,67,80,11.585723400115967
835,5,7,euclidean,majority,information_gain,0.5034013605442177,74,73,11.979766845703125
836,6,7,euclidean,majority,information_gain,0.48322147651006714,72,77,12.337888717651367
837,7,7,euclidean,majority,information_gain,0.4897959183673469,72,75,13.781535863876343
838,8,7,euclidean,majority,information_gain,0.5238095238095238,77,70,11.64946722984314
839,9,7,euclidean,majority,information_gain,0.4594594594594595,68,80,12.040971755981445
840,0,7,euclidean,sheppard,equal,0.46621621621621623,69,79,12.026609420776367
841,1,7,euclidean,sheppard,equal,0.4013605442176871,59,88,13.56054425239563
842,2,7,euclidean,sheppard,equal,0.5405405405405406,80,68,12.5274338722229
843,3,7,euclidean,sheppard,equal,0.4482758620689655,65,80,11.696328401565552
844,4,7,euclidean,sheppard,equal,0.4557823129251701,67,80,11.696267366409302
845,5,7,euclidean,sheppard,equal,0.46938775510204084,69,78,11.978534936904907
846,6,7,euclidean,sheppard,equal,0.4966442953020134,74,75,12.055676937103271
847,7,7,euclidean,sheppard,equal,0.3877551020408163,57,90,14.659441471099854
848,8,7,euclidean,sheppard,equal,0.48299319727891155,71,76,11.72754955291748
849,9,7,euclidean,sheppard,equal,0.5,74,74,11.917060136795044
850,0,7,euclidean,sheppard,correlation,0.4797297297297297,71,77,11.789008378982544
851,1,7,euclidean,sheppard,correlation,0.42857142857142855,63,84,12.026441097259521
852,2,7,euclidean,sheppard,correlation,0.5135135135135135,76,72,14.768884658813477
853,3,7,euclidean,sheppard,correlation,0.42758620689655175,62,83,11.41296124458313
854,4,7,euclidean,sheppard,correlation,0.4217687074829932,62,85,12.19832444190979
855,5,7,euclidean,sheppard,correlation,0.4965986394557823,73,74,11.859248638153076
856,6,7,euclidean,sheppard,correlation,0.5503355704697986,82,67,12.031327486038208
857,7,7,euclidean,sheppard,correlation,0.4217687074829932,62,85,14.565821170806885
858,8,7,euclidean,sheppard,correlation,0.5238095238095238,77,70,11.664886951446533
859,9,7,euclidean,sheppard,correlation,0.49324324324324326,73,75,12.089912414550781
860,0,7,euclidean,sheppard,information_gain,0.5540540540540541,82,66,11.788936853408813
861,1,7,euclidean,sheppard,information_gain,0.4421768707482993,65,82,12.450455665588379
862,2,7,euclidean,sheppard,information_gain,0.46621621621621623,69,79,13.90726900100708
863,3,7,euclidean,sheppard,information_gain,0.4896551724137931,71,74,11.462015390396118
864,4,7,euclidean,sheppard,information_gain,0.46258503401360546,68,79,12.025320291519165
865,5,7,euclidean,sheppard,information_gain,0.54421768707483,80,67,12.167095184326172
866,6,7,euclidean,sheppard,information_gain,0.4429530201342282,66,83,11.99526309967041
867,7,7,euclidean,sheppard,information_gain,0.46938775510204084,69,78,15.027343273162842
868,8,7,euclidean,sheppard,information_gain,0.5578231292517006,82,65,11.60151481628418
869,9,7,euclidean,sheppard,information_gain,0.5405405405405406,80,68,11.711864948272705
870,0,7,euclidean,idw,equal,0.43243243243243246,64,84,11.868162393569946
871,1,7,euclidean,idw,equal,0.41496598639455784,61,86,11.962929964065552
872,2,7,euclidean,idw,equal,0.5135135135135135,76,72,14.37718939781189
873,3,7,euclidean,idw,equal,0.43448275862068964,63,82,11.758787155151367
874,4,7,euclidean,idw,equal,0.46258503401360546,68,79,11.462051153182983
875,5,7,euclidean,idw,equal,0.46938775510204084,69,78,12.290860652923584
876,6,7,euclidean,idw,equal,0.4966442953020134,74,75,12.527546167373657
877,7,7,euclidean,idw,equal,0.41496598639455784,61,86,14.801020860671997
878,8,7,euclidean,idw,equal,0.47619047619047616,70,77,11.758771657943726
879,9,7,euclidean,idw,equal,0.49324324324324326,73,75,11.914061546325684
880,0,7,euclidean,idw,correlation,0.42567567567567566,63,85,12.419108629226685
881,1,7,euclidean,idw,correlation,0.41496598639455784,61,86,12.290947914123535
882,2,7,euclidean,idw,correlation,0.44594594594594594,66,82,15.177067041397095
883,3,7,euclidean,idw,correlation,0.4482758620689655,65,80,11.56615924835205
884,4,7,euclidean,idw,correlation,0.4489795918367347,66,81,11.964138984680176
885,5,7,euclidean,idw,correlation,0.47619047619047616,70,77,12.056620359420776
886,6,7,euclidean,idw,correlation,0.5369127516778524,80,69,12.073363304138184
887,7,7,euclidean,idw,correlation,0.42857142857142855,63,84,13.435873985290527
888,8,7,euclidean,idw,correlation,0.5034013605442177,74,73,13.247968435287476
889,9,7,euclidean,idw,correlation,0.47297297297297297,70,78,11.727551937103271
890,0,7,euclidean,idw,information_gain,0.5202702702702703,77,71,11.93165135383606
891,1,7,euclidean,idw,information_gain,0.4557823129251701,67,80,11.91710877418518
892,2,7,euclidean,idw,information_gain,0.4864864864864865,72,76,12.446609020233154
893,3,7,euclidean,idw,information_gain,0.42758620689655175,62,83,13.609489679336548
894,4,7,euclidean,idw,information_gain,0.42857142857142855,63,84,11.72756290435791
895,5,7,euclidean,idw,information_gain,0.5102040816326531,75,72,12.244041442871094
896,6,7,euclidean,idw,information_gain,0.4563758389261745,68,81,12.119218111038208
897,7,7,euclidean,idw,information_gain,0.4489795918367347,66,81,14.785473346710205
898,8,7,euclidean,idw,information_gain,0.5238095238095238,77,70,14.998951196670532
899,9,7,euclidean,idw,information_gain,0.5608108108108109,83,65,11.790042877197266
900,0,7,manhattan,majority,equal,0.5135135135135135,76,72,11.588698625564575
901,1,7,manhattan,majority,equal,0.43537414965986393,64,83,11.632714748382568
902,2,7,manhattan,majority,equal,0.5337837837837838,79,69,11.852549314498901
903,3,7,manhattan,majority,equal,0.4206896551724138,61,84,13.703332424163818
904,4,7,manhattan,majority,equal,0.47619047619047616,70,77,11.573057413101196
905,5,7,manhattan,majority,equal,0.4897959183673469,72,75,11.631050109863281
906,6,7,manhattan,majority,equal,0.5436241610738255,81,68,11.883731842041016
907,7,7,manhattan,majority,equal,0.42857142857142855,63,84,12.715024471282959
908,8,7,manhattan,majority,equal,0.5102040816326531,75,72,13.341832160949707
909,9,7,manhattan,majority,equal,0.4797297297297297,71,77,11.633866786956787
910,0,7,manhattan,majority,correlation,0.5,74,74,11.901380777359009
911,1,7,manhattan,majority,correlation,0.4217687074829932,62,85,11.64842939376831
912,2,7,manhattan,majority,correlation,0.527027027027027,78,70,13.404507398605347
913,3,7,manhattan,majority,correlation,0.4413793103448276,64,81,12.85647702217102
914,4,7,manhattan,majority,correlation,0.4489795918367347,66,81,11.63276219367981
915,5,7,manhattan,majority,correlation,0.4965986394557823,73,74,11.822163343429565
916,6,7,manhattan,majority,correlation,0.5302013422818792,79,70,11.819512367248535
917,7,7,manhattan,majority,correlation,0.4489795918367347,66,81,11.94524621963501
918,8,7,manhattan,majority,correlation,0.5306122448979592,78,69,13.850460767745972
919,9,7,manhattan,majority,correlation,0.527027027027027,78,70,11.662166118621826
920,0,7,manhattan,majority,information_gain,0.5,74,74,11.83463740348816
921,1,7,manhattan,majority,information_gain,0.42857142857142855,63,84,11.493312120437622
922,2,7,manhattan,majority,information_gain,0.5472972972972973,81,67,13.375108480453491
923,3,7,manhattan,majority,information_gain,0.5172413793103449,75,70,12.323292970657349
924,4,7,manhattan,majority,information_gain,0.5102040816326531,75,72,11.611562490463257
925,5,7,manhattan,majority,information_gain,0.5578231292517006,82,65,12.323291301727295
926,6,7,manhattan,majority,information_gain,0.4899328859060403,73,76,14.18844723701477
927,7,7,manhattan,majority,information_gain,0.4965986394557823,73,74,12.2579824924469
928,8,7,manhattan,majority,information_gain,0.5102040816326531,75,72,11.820067405700684
929,9,7,manhattan,majority,information_gain,0.5,74,74,11.506348371505737
930,0,7,manhattan,sheppard,equal,0.4797297297297297,71,77,11.91597580909729
931,1,7,manhattan,sheppard,equal,0.4013605442176871,59,88,13.296167850494385
932,2,7,manhattan,sheppard,equal,0.5202702702702703,77,71,12.918119192123413
933,3,7,manhattan,sheppard,equal,0.42758620689655175,62,83,11.461771488189697
934,4,7,manhattan,sheppard,equal,0.4421768707482993,65,82,11.757803201675415
935,5,7,manhattan,sheppard,equal,0.4897959183673469,72,75,12.182761907577515
936,6,7,manhattan,sheppard,equal,0.4966442953020134,74,75,13.123244524002075
937,7,7,manhattan,sheppard,equal,0.4421768707482993,65,82,13.544974565505981
938,8,7,manhattan,sheppard,equal,0.5034013605442177,74,73,11.696293115615845
939,9,7,manhattan,sheppard,equal,0.44594594594594594,66,82,11.6484694480896
940,0,7,manhattan,sheppard,correlation,0.5067567567567568,75,73,11.61812710762024
941,1,7,manhattan,sheppard,correlation,0.40816326530612246,60,87,13.263800144195557
942,2,7,manhattan,sheppard,correlation,0.527027027027027,78,70,13.877149820327759
943,3,7,manhattan,sheppard,correlation,0.4482758620689655,65,80,11.147479772567749
944,4,7,manhattan,sheppard,correlation,0.43537414965986393,64,83,11.961894035339355
945,5,7,manhattan,sheppard,correlation,0.5102040816326531,75,72,12.072315454483032
946,6,7,manhattan,sheppard,correlation,0.5369127516778524,80,69,13.028614282608032
947,7,7,manhattan,sheppard,correlation,0.4557823129251701,67,80,13.43565034866333
948,8,7,manhattan,sheppard,correlation,0.54421768707483,80,67,12.026426792144775
949,9,7,manhattan,sheppard,correlation,0.5202702702702703,77,71,12.070179462432861
950,0,7,manhattan,sheppard,information_gain,0.5337837837837838,79,69,12.213928937911987
951,1,7,manhattan,sheppard,information_gain,0.48299319727891155,71,76,11.835844993591309
952,2,7,manhattan,sheppard,information_gain,0.5,74,74,15.661406517028809
953,3,7,manhattan,sheppard,information_gain,0.47586206896551725,69,76,11.444112539291382
954,4,7,manhattan,sheppard,information_gain,0.5102040816326531,75,72,11.618317604064941
955,5,7,manhattan,sheppard,information_gain,0.5102040816326531,75,72,11.742122411727905
956,6,7,manhattan,sheppard,information_gain,0.4966442953020134,74,75,12.422001600265503
957,7,7,manhattan,sheppard,information_gain,0.48299319727891155,71,76,14.204175233840942
958,8,7,manhattan,sheppard,information_gain,0.5170068027210885,76,71,11.163145542144775
959,9,7,manhattan,sheppard,information_gain,0.5405405405405406,80,68,11.823300123214722
960,0,7,manhattan,idw,equal,0.4527027027027027,67,81,11.774407386779785
961,1,7,manhattan,idw,equal,0.41496598639455784,61,86,12.793049335479736
962,2,7,manhattan,idw,equal,0.5,74,74,13.625221014022827
963,3,7,manhattan,idw,equal,0.4413793103448276,64,81,11.397281408309937
964,4,7,manhattan,idw,equal,0.4557823129251701,67,80,11.460942268371582
965,5,7,manhattan,idw,equal,0.47619047619047616,70,77,12.073326110839844
966,6,7,manhattan,idw,equal,0.5033557046979866,75,74,12.572399139404297
967,7,7,manhattan,idw,equal,0.4557823129251701,67,80,13.95525860786438
968,8,7,manhattan,idw,equal,0.48299319727891155,71,76,11.665071487426758
969,9,7,manhattan,idw,equal,0.46621621621621623,69,79,12.777352094650269
970,0,7,manhattan,idw,correlation,0.46621621621621623,69,79,13.138872385025024
971,1,7,manhattan,idw,correlation,0.40816326530612246,60,87,13.734587669372559
972,2,7,manhattan,idw,correlation,0.43243243243243246,64,84,11.743111610412598
973,3,7,manhattan,idw,correlation,0.4482758620689655,65,80,11.680727243423462
974,4,7,manhattan,idw,correlation,0.4557823129251701,67,80,11.632744789123535
975,5,7,manhattan,idw,correlation,0.4897959183673469,72,75,11.930646181106567
976,6,7,manhattan,idw,correlation,0.5167785234899329,77,72,14.659403800964355
977,7,7,manhattan,idw,correlation,0.4217687074829932,62,85,11.555728673934937
978,8,7,manhattan,idw,correlation,0.5306122448979592,78,69,11.96186876296997
979,9,7,manhattan,idw,correlation,0.49324324324324326,73,75,11.7756187915802
980,0,7,manhattan,idw,information_gain,0.4594594594594595,68,80,12.559594869613647
981,1,7,manhattan,idw,information_gain,0.46938775510204084,69,78,13.593924760818481
982,2,7,manhattan,idw,information_gain,0.5540540540540541,82,66,11.601495742797852
983,3,7,manhattan,idw,information_gain,0.46206896551724136,67,78,11.336890697479248
984,4,7,manhattan,idw,information_gain,0.47619047619047616,70,77,11.727561712265015
985,5,7,manhattan,idw,information_gain,0.5578231292517006,82,65,14.188774347305298
986,6,7,manhattan,idw,information_gain,0.5234899328859061,78,71,12.260838508605957
987,7,7,manhattan,idw,information_gain,0.5238095238095238,77,70,11.334880113601685
988,8,7,manhattan,idw,information_gain,0.5034013605442177,74,73,11.743071794509888
989,9,7,manhattan,idw,information_gain,0.4797297297297297,71,77,12.967031717300415
990,0,7,cosine,majority,equal,0.49324324324324326,73,75,15.536460399627686
991,1,7,cosine,majority,equal,0.3945578231292517,58,89,13.859487771987915
992,2,7,cosine,majority,equal,0.5202702702702703,77,71,13.7658052444458
993,3,7,cosine,majority,equal,0.4206896551724138,61,84,14.024307250976562
994,4,7,cosine,majority,equal,0.46938775510204084,69,78,17.161070346832275
995,5,7,cosine,majority,equal,0.4965986394557823,73,74,14.107421636581421
996,6,7,cosine,majority,equal,0.5100671140939598,76,73,14.159516334533691
997,7,7,cosine,majority,equal,0.43537414965986393,64,83,13.76575517654419
998,8,7,cosine,majority,equal,0.4965986394557823,73,74,16.917484760284424
999,9,7,cosine,majority,equal,0.5,74,74,14.532277584075928
1000,0,7,cosine,majority,correlation,0.47297297297297297,70,78,13.950389623641968
1001,1,7,cosine,majority,correlation,0.4489795918367347,66,81,14.158503532409668
1002,2,7,cosine,majority,correlation,0.49324324324324326,73,75,14.015846252441406
1003,3,7,cosine,majority,correlation,0.4068965517241379,59,86,17.341310024261475
1004,4,7,cosine,majority,correlation,0.43537414965986393,64,83,13.545044183731079
1005,5,7,cosine,majority,correlation,0.48299319727891155,71,76,14.094882488250732
1006,6,7,cosine,majority,correlation,0.5167785234899329,77,72,14.486474752426147
1007,7,7,cosine,majority,correlation,0.4013605442176871,59,88,16.870635747909546
1008,8,7,cosine,majority,correlation,0.5102040816326531,75,72,14.18977689743042
1009,9,7,cosine,majority,correlation,0.4864864864864865,72,76,13.750168323516846
1010,0,7,cosine,majority,information_gain,0.4797297297297297,71,77,14.001121282577515
1011,1,7,cosine,majority,information_gain,0.4013605442176871,59,88,17.559937953948975
1012,2,7,cosine,majority,information_gain,0.5472972972972973,81,67,14.017930030822754
1013,3,7,cosine,majority,information_gain,0.4482758620689655,65,80,13.749137163162231
1014,4,7,cosine,majority,information_gain,0.46258503401360546,68,79,14.220975875854492
1015,5,7,cosine,majority,information_gain,0.46938775510204084,69,78,17.341402292251587
1016,6,7,cosine,majority,information_gain,0.5234899328859061,78,71,14.026612043380737
1017,7,7,cosine,majority,information_gain,0.4557823129251701,67,80,14.002202987670898
1018,8,7,cosine,majority,information_gain,0.5510204081632653,81,66,15.17190170288086
1019,9,7,cosine,majority,information_gain,0.4527027027027027,67,81,17.697454929351807
1020,0,7,cosine,sheppard,equal,0.4864864864864865,72,76,13.999103307723999
1021,1,7,cosine,sheppard,equal,0.3945578231292517,58,89,13.917473077774048
1022,2,7,cosine,sheppard,equal,0.49324324324324326,73,75,14.100605726242065
1023,3,7,cosine,sheppard,equal,0.42758620689655175,62,83,15.711408138275146
1024,4,7,cosine,sheppard,equal,0.46938775510204084,69,78,15.708213329315186
1025,5,7,cosine,sheppard,equal,0.5034013605442177,74,73,14.143954277038574
1026,6,7,cosine,sheppard,equal,0.4966442953020134,74,75,14.140610218048096
1027,7,7,cosine,sheppard,equal,0.4217687074829932,62,85,13.953421115875244
1028,8,7,cosine,sheppard,equal,0.5170068027210885,76,71,16.854894876480103
1029,9,7,cosine,sheppard,equal,0.5,74,74,14.1897132396698
1030,0,7,cosine,sheppard,correlation,0.4797297297297297,71,77,13.890766382217407
1031,1,7,cosine,sheppard,correlation,0.43537414965986393,64,83,14.11056399345398
1032,2,7,cosine,sheppard,correlation,0.5135135135135135,76,72,16.934528350830078
1033,3,7,cosine,sheppard,correlation,0.41379310344827586,60,85,15.10908579826355
1034,4,7,cosine,sheppard,correlation,0.42857142857142855,63,84,14.659456968307495
1035,5,7,cosine,sheppard,correlation,0.4965986394557823,73,74,15.882186889648438
1036,6,7,cosine,sheppard,correlation,0.5302013422818792,79,70,14.156434059143066
1037,7,7,cosine,sheppard,correlation,0.40816326530612246,60,87,14.158355236053467
1038,8,7,cosine,sheppard,correlation,0.5170068027210885,76,71,15.819766759872437
1039,9,7,cosine,sheppard,correlation,0.4864864864864865,72,76,14.893759965896606
1040,0,7,cosine,sheppard,information_gain,0.4797297297297297,71,77,13.924120426177979
1041,1,7,cosine,sheppard,information_gain,0.5034013605442177,74,73,14.189776182174683
1042,2,7,cosine,sheppard,information_gain,0.4864864864864865,72,76,17.41832733154297
1043,3,7,cosine,sheppard,information_gain,0.47586206896551725,69,76,13.812594413757324
1044,4,7,cosine,sheppard,information_gain,0.4557823129251701,67,80,13.451267957687378
1045,5,7,cosine,sheppard,information_gain,0.54421768707483,80,67,13.875133514404297
1046,6,7,cosine,sheppard,information_gain,0.5302013422818792,79,70,16.57173728942871
1047,7,7,cosine,sheppard,information_gain,0.46258503401360546,68,79,15.411320447921753
1048,8,7,cosine,sheppard,information_gain,0.5578231292517006,82,65,13.875227451324463
1049,9,7,cosine,sheppard,information_gain,0.527027027027027,78,70,13.765833854675293
1050,0,7,cosine,idw,equal,0.4189189189189189,62,86,13.87517786026001
1051,1,7,cosine,idw,equal,0.4217687074829932,62,85,17.38716721534729
1052,2,7,cosine,idw,equal,0.4594594594594595,68,80,13.87517499923706
1053,3,7,cosine,idw,equal,0.4689655172413793,68,77,13.76582646369934
1054,4,7,cosine,idw,equal,0.4557823129251701,67,80,14.064581632614136
1055,5,7,cosine,idw,equal,0.47619047619047616,70,77,17.230106830596924
1056,6,7,cosine,idw,equal,0.5369127516778524,80,69,14.110397577285767
1057,7,7,cosine,idw,equal,0.4489795918367347,66,81,14.267872095108032
1058,8,7,cosine,idw,equal,0.46258503401360546,68,79,13.968987226486206
1059,9,7,cosine,idw,equal,0.5067567567567568,75,73,16.368605852127075
1060,0,7,cosine,idw,correlation,0.41216216216216217,61,87,15.56957483291626
1061,1,7,cosine,idw,correlation,0.40816326530612246,60,87,13.761218786239624
1062,2,7,cosine,idw,correlation,0.44594594594594594,66,82,14.315616130828857
1063,3,7,cosine,idw,correlation,0.4689655172413793,68,77,13.906456470489502
1064,4,7,cosine,idw,correlation,0.4421768707482993,65,82,17.316720008850098
1065,5,7,cosine,idw,correlation,0.47619047619047616,70,77,14.256160736083984
1066,6,7,cosine,idw,correlation,0.5167785234899329,77,72,13.702292919158936
1067,7,7,cosine,idw,correlation,0.42857142857142855,63,84,13.986514568328857
1068,8,7,cosine,idw,correlation,0.4897959183673469,72,75,16.856518268585205
1069,9,7,cosine,idw,correlation,0.47297297297297297,70,78,13.336368799209595
1070,0,7,cosine,idw,information_gain,0.4594594594594595,68,80,13.70232081413269
1071,1,7,cosine,idw,information_gain,0.42857142857142855,63,84,13.81290340423584
1072,2,7,cosine,idw,information_gain,0.4391891891891892,65,83,19.143991231918335
1073,3,7,cosine,idw,information_gain,0.4827586206896552,70,75,14.00220012664795
1074,4,7,cosine,idw,information_gain,0.47619047619047616,70,77,13.734505414962769
1075,5,7,cosine,idw,information_gain,0.4489795918367347,66,81,13.92295789718628
1076,6,7,cosine,idw,information_gain,0.5033557046979866,75,74,16.44689917564392
1077,7,7,cosine,idw,information_gain,0.48299319727891155,71,76,15.131037950515747
1078,8,7,cosine,idw,information_gain,0.4897959183673469,72,75,13.938657522201538
1079,9,7,cosine,idw,information_gain,0.5,74,74,14.122133255004883
